code,name,metric,sex,age,in,out,net,abs
01100,札幌市,both_total,総数,総数,1044,1506,-462,462
01100,札幌市,both_0_9,総数,0-9歳,60,89,-29,29
01100,札幌市,both_10_19,総数,10-19歳,122,146,-24,24
01100,札幌市,both_20_29,総数,20-29歳,461,664,-203,203
01100,札幌市,both_30_39,総数,30-39歳,202,257,-55,55
01100,札幌市,both_40_49,総数,40-49歳,76,141,-65,65
01100,札幌市,both_50_59,総数,50-59歳,74,102,-28,28
01100,札幌市,both_60_plus,総数,60歳以上,49,107,-58,58
01100,札幌市,both_unknown,総数,不詳/その他,0,0,0,0
01100,札幌市,male_total,男,総数,560,838,-278,278
01100,札幌市,male_0_9,男,0-9歳,26,46,-20,20
01100,札幌市,male_10_19,男,10-19歳,90,93,-3,3
01100,札幌市,male_20_29,男,20-29歳,222,348,-126,126
01100,札幌市,male_30_39,男,30-39歳,107,149,-42,42
01100,札幌市,male_40_49,男,40-49歳,52,84,-32,32
01100,札幌市,male_50_59,男,50-59歳,40,56,-16,16
01100,札幌市,male_60_plus,男,60歳以上,23,62,-39,39
01100,札幌市,male_unknown,男,不詳/その他,0,0,0,0
01100,札幌市,female_total,女,総数,484,668,-184,184
01100,札幌市,female_0_9,女,0-9歳,34,43,-9,9
01100,札幌市,female_10_19,女,10-19歳,32,53,-21,21
01100,札幌市,female_20_29,女,20-29歳,239,316,-77,77
01100,札幌市,female_30_39,女,30-39歳,95,108,-13,13
01100,札幌市,female_40_49,女,40-49歳,24,57,-33,33
01100,札幌市,female_50_59,女,50-59歳,34,46,-12,12
01100,札幌市,female_60_plus,女,60歳以上,26,45,-19,19
01100,札幌市,female_unknown,女,不詳/その他,0,0,0,0
13000,東京都,both_total,総数,総数,295,440,-145,145
13000,東京都,both_0_9,総数,0-9歳,14,29,-15,15
13000,東京都,both_10_19,総数,10-19歳,11,41,-30,30
13000,東京都,both_20_29,総数,20-29歳,115,214,-99,99
13000,東京都,both_30_39,総数,30-39歳,66,81,-15,15
13000,東京都,both_40_49,総数,40-49歳,51,37,14,14
13000,東京都,both_50_59,総数,50-59歳,26,33,-7,7
13000,東京都,both_60_plus,総数,60歳以上,12,5,7,7
13000,東京都,both_unknown,総数,不詳/その他,0,0,0,0
13000,東京都,male_total,男,総数,176,254,-78,78
13000,東京都,male_0_9,男,0-9歳,7,15,-8,8
13000,東京都,male_10_19,男,10-19歳,8,24,-16,16
13000,東京都,male_20_29,男,20-29歳,64,116,-52,52
13000,東京都,male_30_39,男,30-39歳,39,45,-6,6
13000,東京都,male_40_49,男,40-49歳,33,29,4,4
13000,東京都,male_50_59,男,50-59歳,17,23,-6,6
13000,東京都,male_60_plus,男,60歳以上,8,2,6,6
13000,東京都,male_unknown,男,不詳/その他,0,0,0,0
13000,東京都,female_total,女,総数,119,186,-67,67
13000,東京都,female_0_9,女,0-9歳,7,14,-7,7
13000,東京都,female_10_19,女,10-19歳,3,17,-14,14
13000,東京都,female_20_29,女,20-29歳,51,98,-47,47
13000,東京都,female_30_39,女,30-39歳,27,36,-9,9
13000,東京都,female_40_49,女,40-49歳,18,8,10,10
13000,東京都,female_50_59,女,50-59歳,9,10,-1,1
13000,東京都,female_60_plus,女,60歳以上,4,3,1,1
13000,東京都,female_unknown,女,不詳/その他,0,0,0,0
01231,恵庭市,both_total,総数,総数,319,425,-106,106
01231,恵庭市,both_0_9,総数,0-9歳,20,22,-2,2
01231,恵庭市,both_10_19,総数,10-19歳,26,41,-15,15
01231,恵庭市,both_20_29,総数,20-29歳,111,177,-66,66
01231,恵庭市,both_30_39,総数,30-39歳,73,83,-10,10
01231,恵庭市,both_40_49,総数,40-49歳,27,32,-5,5
01231,恵庭市,both_50_59,総数,50-59歳,25,31,-6,6
01231,恵庭市,both_60_plus,総数,60歳以上,37,39,-2,2
01231,恵庭市,both_unknown,総数,不詳/その他,0,0,0,0
01231,恵庭市,male_total,男,総数,179,237,-58,58
01231,恵庭市,male_0_9,男,0-9歳,8,11,-3,3
01231,恵庭市,male_10_19,男,10-19歳,19,28,-9,9
01231,恵庭市,male_20_29,男,20-29歳,55,106,-51,51
01231,恵庭市,male_30_39,男,30-39歳,44,40,4,4
01231,恵庭市,male_40_49,男,40-49歳,16,22,-6,6
01231,恵庭市,male_50_59,男,50-59歳,15,14,1,1
01231,恵庭市,male_60_plus,男,60歳以上,22,16,6,6
01231,恵庭市,male_unknown,男,不詳/その他,0,0,0,0
01231,恵庭市,female_total,女,総数,140,188,-48,48
01231,恵庭市,female_0_9,女,0-9歳,12,11,1,1
01231,恵庭市,female_10_19,女,10-19歳,7,13,-6,6
01231,恵庭市,female_20_29,女,20-29歳,56,71,-15,15
01231,恵庭市,female_30_39,女,30-39歳,29,43,-14,14
01231,恵庭市,female_40_49,女,40-49歳,11,10,1,1
01231,恵庭市,female_50_59,女,50-59歳,10,17,-7,7
01231,恵庭市,female_60_plus,女,60歳以上,15,23,-8,8
01231,恵庭市,female_unknown,女,不詳/その他,0,0,0,0
03000,岩手県,both_total,総数,総数,77,18,59,59
03000,岩手県,both_0_9,総数,0-9歳,8,2,6,6
03000,岩手県,both_10_19,総数,10-19歳,5,2,3,3
03000,岩手県,both_20_29,総数,20-29歳,26,5,21,21
03000,岩手県,both_30_39,総数,30-39歳,19,4,15,15
03000,岩手県,both_40_49,総数,40-49歳,11,4,7,7
03000,岩手県,both_50_59,総数,50-59歳,5,0,5,5
03000,岩手県,both_60_plus,総数,60歳以上,3,1,2,2
03000,岩手県,both_unknown,総数,不詳/その他,0,0,0,0
03000,岩手県,male_total,男,総数,60,12,48,48
03000,岩手県,male_0_9,男,0-9歳,5,2,3,3
03000,岩手県,male_10_19,男,10-19歳,4,2,2,2
03000,岩手県,male_20_29,男,20-29歳,21,3,18,18
03000,岩手県,male_30_39,男,30-39歳,16,3,13,13
03000,岩手県,male_40_49,男,40-49歳,9,2,7,7
03000,岩手県,male_50_59,男,50-59歳,3,0,3,3
03000,岩手県,male_60_plus,男,60歳以上,2,0,2,2
03000,岩手県,male_unknown,男,不詳/その他,0,0,0,0
03000,岩手県,female_total,女,総数,17,6,11,11
03000,岩手県,female_0_9,女,0-9歳,3,0,3,3
03000,岩手県,female_10_19,女,10-19歳,1,0,1,1
03000,岩手県,female_20_29,女,20-29歳,5,2,3,3
03000,岩手県,female_30_39,女,30-39歳,3,1,2,2
03000,岩手県,female_40_49,女,40-49歳,2,2,0,0
03000,岩手県,female_50_59,女,50-59歳,2,0,2,2
03000,岩手県,female_60_plus,女,60歳以上,1,1,0,0
03000,岩手県,female_unknown,女,不詳/その他,0,0,0,0
22000,静岡県,both_total,総数,総数,110,58,52,52
22000,静岡県,both_0_9,総数,0-9歳,13,3,10,10
22000,静岡県,both_10_19,総数,10-19歳,14,8,6,6
22000,静岡県,both_20_29,総数,20-29歳,31,19,12,12
22000,静岡県,both_30_39,総数,30-39歳,30,11,19,19
22000,静岡県,both_40_49,総数,40-49歳,10,9,1,1
22000,静岡県,both_50_59,総数,50-59歳,9,4,5,5
22000,静岡県,both_60_plus,総数,60歳以上,3,4,-1,1
22000,静岡県,both_unknown,総数,不詳/その他,0,0,0,0
22000,静岡県,male_total,男,総数,70,38,32,32
22000,静岡県,male_0_9,男,0-9歳,7,1,6,6
22000,静岡県,male_10_19,男,10-19歳,10,3,7,7
22000,静岡県,male_20_29,男,20-29歳,20,14,6,6
22000,静岡県,male_30_39,男,30-39歳,18,8,10,10
22000,静岡県,male_40_49,男,40-49歳,6,6,0,0
22000,静岡県,male_50_59,男,50-59歳,8,4,4,4
22000,静岡県,male_60_plus,男,60歳以上,1,2,-1,1
22000,静岡県,male_unknown,男,不詳/その他,0,0,0,0
22000,静岡県,female_total,女,総数,40,20,20,20
22000,静岡県,female_0_9,女,0-9歳,6,2,4,4
22000,静岡県,female_10_19,女,10-19歳,4,5,-1,1
22000,静岡県,female_20_29,女,20-29歳,11,5,6,6
22000,静岡県,female_30_39,女,30-39歳,12,3,9,9
22000,静岡県,female_40_49,女,40-49歳,4,3,1,1
22000,静岡県,female_50_59,女,50-59歳,1,0,1,1
22000,静岡県,female_60_plus,女,60歳以上,2,2,0,0
22000,静岡県,female_unknown,女,不詳/その他,0,0,0,0
01234,北広島市,both_total,総数,総数,53,101,-48,48
01234,北広島市,both_0_9,総数,0-9歳,3,14,-11,11
01234,北広島市,both_10_19,総数,10-19歳,2,8,-6,6
01234,北広島市,both_20_29,総数,20-29歳,20,28,-8,8
01234,北広島市,both_30_39,総数,30-39歳,6,24,-18,18
01234,北広島市,both_40_49,総数,40-49歳,4,12,-8,8
01234,北広島市,both_50_59,総数,50-59歳,7,8,-1,1
01234,北広島市,both_60_plus,総数,60歳以上,11,7,4,4
01234,北広島市,both_unknown,総数,不詳/その他,0,0,0,0
01234,北広島市,male_total,男,総数,20,51,-31,31
01234,北広島市,male_0_9,男,0-9歳,0,8,-8,8
01234,北広島市,male_10_19,男,10-19歳,2,5,-3,3
01234,北広島市,male_20_29,男,20-29歳,9,11,-2,2
01234,北広島市,male_30_39,男,30-39歳,2,15,-13,13
01234,北広島市,male_40_49,男,40-49歳,2,6,-4,4
01234,北広島市,male_50_59,男,50-59歳,3,3,0,0
01234,北広島市,male_60_plus,男,60歳以上,2,3,-1,1
01234,北広島市,male_unknown,男,不詳/その他,0,0,0,0
01234,北広島市,female_total,女,総数,33,50,-17,17
01234,北広島市,female_0_9,女,0-9歳,3,6,-3,3
01234,北広島市,female_10_19,女,10-19歳,0,3,-3,3
01234,北広島市,female_20_29,女,20-29歳,11,17,-6,6
01234,北広島市,female_30_39,女,30-39歳,4,9,-5,5
01234,北広島市,female_40_49,女,40-49歳,2,6,-4,4
01234,北広島市,female_50_59,女,50-59歳,4,5,-1,1
01234,北広島市,female_60_plus,女,60歳以上,9,4,5,5
01234,北広島市,female_unknown,女,不詳/その他,0,0,0,0
11000,埼玉県,both_total,総数,総数,244,196,48,48
11000,埼玉県,both_0_9,総数,0-9歳,22,19,3,3
11000,埼玉県,both_10_19,総数,10-19歳,47,18,29,29
11000,埼玉県,both_20_29,総数,20-29歳,78,69,9,9
11000,埼玉県,both_30_39,総数,30-39歳,52,42,10,10
11000,埼玉県,both_40_49,総数,40-49歳,22,35,-13,13
11000,埼玉県,both_50_59,総数,50-59歳,17,8,9,9
11000,埼玉県,both_60_plus,総数,60歳以上,6,5,1,1
11000,埼玉県,both_unknown,総数,不詳/その他,0,0,0,0
11000,埼玉県,male_total,男,総数,171,137,34,34
11000,埼玉県,male_0_9,男,0-9歳,13,10,3,3
11000,埼玉県,male_10_19,男,10-19歳,36,16,20,20
11000,埼玉県,male_20_29,男,20-29歳,52,48,4,4
11000,埼玉県,male_30_39,男,30-39歳,29,26,3,3
11000,埼玉県,male_40_49,男,40-49歳,19,28,-9,9
11000,埼玉県,male_50_59,男,50-59歳,16,6,10,10
11000,埼玉県,male_60_plus,男,60歳以上,6,3,3,3
11000,埼玉県,male_unknown,男,不詳/その他,0,0,0,0
11000,埼玉県,female_total,女,総数,73,59,14,14
11000,埼玉県,female_0_9,女,0-9歳,9,9,0,0
11000,埼玉県,female_10_19,女,10-19歳,11,2,9,9
11000,埼玉県,female_20_29,女,20-29歳,26,21,5,5
11000,埼玉県,female_30_39,女,30-39歳,23,16,7,7
11000,埼玉県,female_40_49,女,40-49歳,3,7,-4,4
11000,埼玉県,female_50_59,女,50-59歳,1,2,-1,1
11000,埼玉県,female_60_plus,女,60歳以上,0,2,-2,2
11000,埼玉県,female_unknown,女,不詳/その他,0,0,0,0
24000,三重県,both_total,総数,総数,67,19,48,48
24000,三重県,both_0_9,総数,0-9歳,4,0,4,4
24000,三重県,both_10_19,総数,10-19歳,4,0,4,4
24000,三重県,both_20_29,総数,20-29歳,22,6,16,16
24000,三重県,both_30_39,総数,30-39歳,23,1,22,22
24000,三重県,both_40_49,総数,40-49歳,10,3,7,7
24000,三重県,both_50_59,総数,50-59歳,3,8,-5,5
24000,三重県,both_60_plus,総数,60歳以上,1,1,0,0
24000,三重県,both_unknown,総数,不詳/その他,0,0,0,0
24000,三重県,male_total,男,総数,54,15,39,39
24000,三重県,male_0_9,男,0-9歳,3,0,3,3
24000,三重県,male_10_19,男,10-19歳,4,0,4,4
24000,三重県,male_20_29,男,20-29歳,17,4,13,13
24000,三重県,male_30_39,男,30-39歳,18,1,17,17
24000,三重県,male_40_49,男,40-49歳,9,3,6,6
24000,三重県,male_50_59,男,50-59歳,3,6,-3,3
24000,三重県,male_60_plus,男,60歳以上,0,1,-1,1
24000,三重県,male_unknown,男,不詳/その他,0,0,0,0
24000,三重県,female_total,女,総数,13,4,9,9
24000,三重県,female_0_9,女,0-9歳,1,0,1,1
24000,三重県,female_10_19,女,10-19歳,0,0,0,0
24000,三重県,female_20_29,女,20-29歳,5,2,3,3
24000,三重県,female_30_39,女,30-39歳,5,0,5,5
24000,三重県,female_40_49,女,40-49歳,1,0,1,1
24000,三重県,female_50_59,女,50-59歳,0,2,-2,2
24000,三重県,female_60_plus,女,60歳以上,1,0,1,1
24000,三重県,female_unknown,女,不詳/その他,0,0,0,0
40000,福岡県,both_total,総数,総数,132,90,42,42
40000,福岡県,both_0_9,総数,0-9歳,8,12,-4,4
40000,福岡県,both_10_19,総数,10-19歳,8,7,1,1
40000,福岡県,both_20_29,総数,20-29歳,61,29,32,32
40000,福岡県,both_30_39,総数,30-39歳,21,22,-1,1
40000,福岡県,both_40_49,総数,40-49歳,15,13,2,2
40000,福岡県,both_50_59,総数,50-59歳,10,5,5,5
40000,福岡県,both_60_plus,総数,60歳以上,9,2,7,7
40000,福岡県,both_unknown,総数,不詳/その他,0,0,0,0
40000,福岡県,male_total,男,総数,82,66,16,16
40000,福岡県,male_0_9,男,0-9歳,4,8,-4,4
40000,福岡県,male_10_19,男,10-19歳,4,3,1,1
40000,福岡県,male_20_29,男,20-29歳,35,25,10,10
40000,福岡県,male_30_39,男,30-39歳,15,14,1,1
40000,福岡県,male_40_49,男,40-49歳,13,9,4,4
40000,福岡県,male_50_59,男,50-59歳,7,5,2,2
40000,福岡県,male_60_plus,男,60歳以上,4,2,2,2
40000,福岡県,male_unknown,男,不詳/その他,0,0,0,0
40000,福岡県,female_total,女,総数,50,24,26,26
40000,福岡県,female_0_9,女,0-9歳,4,4,0,0
40000,福岡県,female_10_19,女,10-19歳,4,4,0,0
40000,福岡県,female_20_29,女,20-29歳,26,4,22,22
40000,福岡県,female_30_39,女,30-39歳,6,8,-2,2
40000,福岡県,female_40_49,女,40-49歳,2,4,-2,2
40000,福岡県,female_50_59,女,50-59歳,3,0,3,3
40000,福岡県,female_60_plus,女,60歳以上,5,0,5,5
40000,福岡県,female_unknown,女,不詳/その他,0,0,0,0
02000,青森県,both_total,総数,総数,72,109,-37,37
02000,青森県,both_0_9,総数,0-9歳,5,20,-15,15
02000,青森県,both_10_19,総数,10-19歳,5,5,0,0
02000,青森県,both_20_29,総数,20-29歳,23,30,-7,7
02000,青森県,both_30_39,総数,30-39歳,15,26,-11,11
02000,青森県,both_40_49,総数,40-49歳,14,23,-9,9
02000,青森県,both_50_59,総数,50-59歳,6,3,3,3
02000,青森県,both_60_plus,総数,60歳以上,4,2,2,2
02000,青森県,both_unknown,総数,不詳/その他,0,0,0,0
02000,青森県,male_total,男,総数,45,75,-30,30
02000,青森県,male_0_9,男,0-9歳,3,12,-9,9
02000,青森県,male_10_19,男,10-19歳,1,5,-4,4
02000,青森県,male_20_29,男,20-29歳,15,21,-6,6
02000,青森県,male_30_39,男,30-39歳,8,16,-8,8
02000,青森県,male_40_49,男,40-49歳,11,19,-8,8
02000,青森県,male_50_59,男,50-59歳,4,1,3,3
02000,青森県,male_60_plus,男,60歳以上,3,1,2,2
02000,青森県,male_unknown,男,不詳/その他,0,0,0,0
02000,青森県,female_total,女,総数,27,34,-7,7
02000,青森県,female_0_9,女,0-9歳,2,8,-6,6
02000,青森県,female_10_19,女,10-19歳,4,0,4,4
02000,青森県,female_20_29,女,20-29歳,8,9,-1,1
02000,青森県,female_30_39,女,30-39歳,7,10,-3,3
02000,青森県,female_40_49,女,40-49歳,3,4,-1,1
02000,青森県,female_50_59,女,50-59歳,2,2,0,0
02000,青森県,female_60_plus,女,60歳以上,1,1,0,0
02000,青森県,female_unknown,女,不詳/その他,0,0,0,0
35000,山口県,both_total,総数,総数,49,12,37,37
35000,山口県,both_0_9,総数,0-9歳,0,0,0,0
35000,山口県,both_10_19,総数,10-19歳,21,3,18,18
35000,山口県,both_20_29,総数,20-29歳,20,8,12,12
35000,山口県,both_30_39,総数,30-39歳,4,0,4,4
35000,山口県,both_40_49,総数,40-49歳,2,0,2,2
35000,山口県,both_50_59,総数,50-59歳,2,1,1,1
35000,山口県,both_60_plus,総数,60歳以上,0,0,0,0
35000,山口県,both_unknown,総数,不詳/その他,0,0,0,0
35000,山口県,male_total,男,総数,22,6,16,16
35000,山口県,male_0_9,男,0-9歳,0,0,0,0
35000,山口県,male_10_19,男,10-19歳,6,2,4,4
35000,山口県,male_20_29,男,20-29歳,11,4,7,7
35000,山口県,male_30_39,男,30-39歳,2,0,2,2
35000,山口県,male_40_49,男,40-49歳,2,0,2,2
35000,山口県,male_50_59,男,50-59歳,1,0,1,1
35000,山口県,male_60_plus,男,60歳以上,0,0,0,0
35000,山口県,male_unknown,男,不詳/その他,0,0,0,0
35000,山口県,female_total,女,総数,27,6,21,21
35000,山口県,female_0_9,女,0-9歳,0,0,0,0
35000,山口県,female_10_19,女,10-19歳,15,1,14,14
35000,山口県,female_20_29,女,20-29歳,9,4,5,5
35000,山口県,female_30_39,女,30-39歳,2,0,2,2
35000,山口県,female_40_49,女,40-49歳,0,0,0,0
35000,山口県,female_50_59,女,50-59歳,1,1,0,0
35000,山口県,female_60_plus,女,60歳以上,0,0,0,0
35000,山口県,female_unknown,女,不詳/その他,0,0,0,0
01423,南幌町,both_total,総数,総数,0,34,-34,34
01423,南幌町,both_0_9,総数,0-9歳,0,8,-8,8
01423,南幌町,both_10_19,総数,10-19歳,0,2,-2,2
01423,南幌町,both_20_29,総数,20-29歳,0,6,-6,6
01423,南幌町,both_30_39,総数,30-39歳,0,15,-15,15
01423,南幌町,both_40_49,総数,40-49歳,0,2,-2,2
01423,南幌町,both_50_59,総数,50-59歳,0,1,-1,1
01423,南幌町,both_60_plus,総数,60歳以上,0,0,0,0
01423,南幌町,both_unknown,総数,不詳/その他,0,0,0,0
01423,南幌町,male_total,男,総数,0,15,-15,15
01423,南幌町,male_0_9,男,0-9歳,0,2,-2,2
01423,南幌町,male_10_19,男,10-19歳,0,1,-1,1
01423,南幌町,male_20_29,男,20-29歳,0,2,-2,2
01423,南幌町,male_30_39,男,30-39歳,0,8,-8,8
01423,南幌町,male_40_49,男,40-49歳,0,1,-1,1
01423,南幌町,male_50_59,男,50-59歳,0,1,-1,1
01423,南幌町,male_60_plus,男,60歳以上,0,0,0,0
01423,南幌町,male_unknown,男,不詳/その他,0,0,0,0
01423,南幌町,female_total,女,総数,0,19,-19,19
01423,南幌町,female_0_9,女,0-9歳,0,6,-6,6
01423,南幌町,female_10_19,女,10-19歳,0,1,-1,1
01423,南幌町,female_20_29,女,20-29歳,0,4,-4,4
01423,南幌町,female_30_39,女,30-39歳,0,7,-7,7
01423,南幌町,female_40_49,女,40-49歳,0,1,-1,1
01423,南幌町,female_50_59,女,50-59歳,0,0,0,0
01423,南幌町,female_60_plus,女,60歳以上,0,0,0,0
01423,南幌町,female_unknown,女,不詳/その他,0,0,0,0
01202,函館市,both_total,総数,総数,62,90,-28,28
01202,函館市,both_0_9,総数,0-9歳,1,4,-3,3
01202,函館市,both_10_19,総数,10-19歳,6,8,-2,2
01202,函館市,both_20_29,総数,20-29歳,22,37,-15,15
01202,函館市,both_30_39,総数,30-39歳,12,19,-7,7
01202,函館市,both_40_49,総数,40-49歳,6,7,-1,1
01202,函館市,both_50_59,総数,50-59歳,8,8,0,0
01202,函館市,both_60_plus,総数,60歳以上,7,7,0,0
01202,函館市,both_unknown,総数,不詳/その他,0,0,0,0
01202,函館市,male_total,男,総数,34,42,-8,8
01202,函館市,male_0_9,男,0-9歳,1,0,1,1
01202,函館市,male_10_19,男,10-19歳,5,4,1,1
01202,函館市,male_20_29,男,20-29歳,9,16,-7,7
01202,函館市,male_30_39,男,30-39歳,9,12,-3,3
01202,函館市,male_40_49,男,40-49歳,2,4,-2,2
01202,函館市,male_50_59,男,50-59歳,5,4,1,1
01202,函館市,male_60_plus,男,60歳以上,3,2,1,1
01202,函館市,male_unknown,男,不詳/その他,0,0,0,0
01202,函館市,female_total,女,総数,28,48,-20,20
01202,函館市,female_0_9,女,0-9歳,0,4,-4,4
01202,函館市,female_10_19,女,10-19歳,1,4,-3,3
01202,函館市,female_20_29,女,20-29歳,13,21,-8,8
01202,函館市,female_30_39,女,30-39歳,3,7,-4,4
01202,函館市,female_40_49,女,40-49歳,4,3,1,1
01202,函館市,female_50_59,女,50-59歳,3,4,-1,1
01202,函館市,female_60_plus,女,60歳以上,4,5,-1,1
01202,函館市,female_unknown,女,不詳/その他,0,0,0,0
43000,熊本県,both_total,総数,総数,55,27,28,28
43000,熊本県,both_0_9,総数,0-9歳,4,4,0,0
43000,熊本県,both_10_19,総数,10-19歳,5,0,5,5
43000,熊本県,both_20_29,総数,20-29歳,18,8,10,10
43000,熊本県,both_30_39,総数,30-39歳,14,7,7,7
43000,熊本県,both_40_49,総数,40-49歳,9,4,5,5
43000,熊本県,both_50_59,総数,50-59歳,4,3,1,1
43000,熊本県,both_60_plus,総数,60歳以上,1,1,0,0
43000,熊本県,both_unknown,総数,不詳/その他,0,0,0,0
43000,熊本県,male_total,男,総数,33,20,13,13
43000,熊本県,male_0_9,男,0-9歳,1,3,-2,2
43000,熊本県,male_10_19,男,10-19歳,1,0,1,1
43000,熊本県,male_20_29,男,20-29歳,10,5,5,5
43000,熊本県,male_30_39,男,30-39歳,9,5,4,4
43000,熊本県,male_40_49,男,40-49歳,9,3,6,6
43000,熊本県,male_50_59,男,50-59歳,3,3,0,0
43000,熊本県,male_60_plus,男,60歳以上,0,1,-1,1
43000,熊本県,male_unknown,男,不詳/その他,0,0,0,0
43000,熊本県,female_total,女,総数,22,7,15,15
43000,熊本県,female_0_9,女,0-9歳,3,1,2,2
43000,熊本県,female_10_19,女,10-19歳,4,0,4,4
43000,熊本県,female_20_29,女,20-29歳,8,3,5,5
43000,熊本県,female_30_39,女,30-39歳,5,2,3,3
43000,熊本県,female_40_49,女,40-49歳,0,1,-1,1
43000,熊本県,female_50_59,女,50-59歳,1,0,1,1
43000,熊本県,female_60_plus,女,60歳以上,1,0,1,1
43000,熊本県,female_unknown,女,不詳/その他,0,0,0,0
14000,神奈川県,both_total,総数,総数,229,202,27,27
14000,神奈川県,both_0_9,総数,0-9歳,13,21,-8,8
14000,神奈川県,both_10_19,総数,10-19歳,66,10,56,56
14000,神奈川県,both_20_29,総数,20-29歳,56,97,-41,41
14000,神奈川県,both_30_39,総数,30-39歳,27,34,-7,7
14000,神奈川県,both_40_49,総数,40-49歳,25,19,6,6
14000,神奈川県,both_50_59,総数,50-59歳,30,12,18,18
14000,神奈川県,both_60_plus,総数,60歳以上,12,9,3,3
14000,神奈川県,both_unknown,総数,不詳/その他,0,0,0,0
14000,神奈川県,male_total,男,総数,173,125,48,48
14000,神奈川県,male_0_9,男,0-9歳,11,13,-2,2
14000,神奈川県,male_10_19,男,10-19歳,64,6,58,58
14000,神奈川県,male_20_29,男,20-29歳,33,62,-29,29
14000,神奈川県,male_30_39,男,30-39歳,14,19,-5,5
14000,神奈川県,male_40_49,男,40-49歳,17,12,5,5
14000,神奈川県,male_50_59,男,50-59歳,23,8,15,15
14000,神奈川県,male_60_plus,男,60歳以上,11,5,6,6
14000,神奈川県,male_unknown,男,不詳/その他,0,0,0,0
14000,神奈川県,female_total,女,総数,56,77,-21,21
14000,神奈川県,female_0_9,女,0-9歳,2,8,-6,6
14000,神奈川県,female_10_19,女,10-19歳,2,4,-2,2
14000,神奈川県,female_20_29,女,20-29歳,23,35,-12,12
14000,神奈川県,female_30_39,女,30-39歳,13,15,-2,2
14000,神奈川県,female_40_49,女,40-49歳,8,7,1,1
14000,神奈川県,female_50_59,女,50-59歳,7,4,3,3
14000,神奈川県,female_60_plus,女,60歳以上,1,4,-3,3
14000,神奈川県,female_unknown,女,不詳/その他,0,0,0,0
01204,旭川市,both_total,総数,総数,118,93,25,25
01204,旭川市,both_0_9,総数,0-9歳,2,3,-1,1
01204,旭川市,both_10_19,総数,10-19歳,33,25,8,8
01204,旭川市,both_20_29,総数,20-29歳,53,37,16,16
01204,旭川市,both_30_39,総数,30-39歳,8,13,-5,5
01204,旭川市,both_40_49,総数,40-49歳,11,8,3,3
01204,旭川市,both_50_59,総数,50-59歳,5,2,3,3
01204,旭川市,both_60_plus,総数,60歳以上,6,5,1,1
01204,旭川市,both_unknown,総数,不詳/その他,0,0,0,0
01204,旭川市,male_total,男,総数,65,54,11,11
01204,旭川市,male_0_9,男,0-9歳,1,2,-1,1
01204,旭川市,male_10_19,男,10-19歳,24,19,5,5
01204,旭川市,male_20_29,男,20-29歳,23,18,5,5
01204,旭川市,male_30_39,男,30-39歳,5,8,-3,3
01204,旭川市,male_40_49,男,40-49歳,6,4,2,2
01204,旭川市,male_50_59,男,50-59歳,3,1,2,2
01204,旭川市,male_60_plus,男,60歳以上,3,2,1,1
01204,旭川市,male_unknown,男,不詳/その他,0,0,0,0
01204,旭川市,female_total,女,総数,53,39,14,14
01204,旭川市,female_0_9,女,0-9歳,1,1,0,0
01204,旭川市,female_10_19,女,10-19歳,9,6,3,3
01204,旭川市,female_20_29,女,20-29歳,30,19,11,11
01204,旭川市,female_30_39,女,30-39歳,3,5,-2,2
01204,旭川市,female_40_49,女,40-49歳,5,4,1,1
01204,旭川市,female_50_59,女,50-59歳,2,1,1,1
01204,旭川市,female_60_plus,女,60歳以上,3,3,0,0
01204,旭川市,female_unknown,女,不詳/その他,0,0,0,0
01213,苫小牧市,both_total,総数,総数,212,237,-25,25
01213,苫小牧市,both_0_9,総数,0-9歳,9,16,-7,7
01213,苫小牧市,both_10_19,総数,10-19歳,25,10,15,15
01213,苫小牧市,both_20_29,総数,20-29歳,87,95,-8,8
01213,苫小牧市,both_30_39,総数,30-39歳,38,54,-16,16
01213,苫小牧市,both_40_49,総数,40-49歳,19,21,-2,2
01213,苫小牧市,both_50_59,総数,50-59歳,20,21,-1,1
01213,苫小牧市,both_60_plus,総数,60歳以上,14,20,-6,6
01213,苫小牧市,both_unknown,総数,不詳/その他,0,0,0,0
01213,苫小牧市,male_total,男,総数,119,131,-12,12
01213,苫小牧市,male_0_9,男,0-9歳,6,7,-1,1
01213,苫小牧市,male_10_19,男,10-19歳,12,2,10,10
01213,苫小牧市,male_20_29,男,20-29歳,48,52,-4,4
01213,苫小牧市,male_30_39,男,30-39歳,25,35,-10,10
01213,苫小牧市,male_40_49,男,40-49歳,12,13,-1,1
01213,苫小牧市,male_50_59,男,50-59歳,12,12,0,0
01213,苫小牧市,male_60_plus,男,60歳以上,4,10,-6,6
01213,苫小牧市,male_unknown,男,不詳/その他,0,0,0,0
01213,苫小牧市,female_total,女,総数,93,106,-13,13
01213,苫小牧市,female_0_9,女,0-9歳,3,9,-6,6
01213,苫小牧市,female_10_19,女,10-19歳,13,8,5,5
01213,苫小牧市,female_20_29,女,20-29歳,39,43,-4,4
01213,苫小牧市,female_30_39,女,30-39歳,13,19,-6,6
01213,苫小牧市,female_40_49,女,40-49歳,7,8,-1,1
01213,苫小牧市,female_50_59,女,50-59歳,8,9,-1,1
01213,苫小牧市,female_60_plus,女,60歳以上,10,10,0,0
01213,苫小牧市,female_unknown,女,不詳/その他,0,0,0,0
01585,安平町,both_total,総数,総数,51,76,-25,25
01585,安平町,both_0_9,総数,0-9歳,2,14,-12,12
01585,安平町,both_10_19,総数,10-19歳,3,5,-2,2
01585,安平町,both_20_29,総数,20-29歳,21,15,6,6
01585,安平町,both_30_39,総数,30-39歳,11,18,-7,7
01585,安平町,both_40_49,総数,40-49歳,3,7,-4,4
01585,安平町,both_50_59,総数,50-59歳,2,11,-9,9
01585,安平町,both_60_plus,総数,60歳以上,9,6,3,3
01585,安平町,both_unknown,総数,不詳/その他,0,0,0,0
01585,安平町,male_total,男,総数,33,42,-9,9
01585,安平町,male_0_9,男,0-9歳,1,7,-6,6
01585,安平町,male_10_19,男,10-19歳,2,5,-3,3
01585,安平町,male_20_29,男,20-29歳,16,8,8,8
01585,安平町,male_30_39,男,30-39歳,6,10,-4,4
01585,安平町,male_40_49,男,40-49歳,2,4,-2,2
01585,安平町,male_50_59,男,50-59歳,1,5,-4,4
01585,安平町,male_60_plus,男,60歳以上,5,3,2,2
01585,安平町,male_unknown,男,不詳/その他,0,0,0,0
01585,安平町,female_total,女,総数,18,34,-16,16
01585,安平町,female_0_9,女,0-9歳,1,7,-6,6
01585,安平町,female_10_19,女,10-19歳,1,0,1,1
01585,安平町,female_20_29,女,20-29歳,5,7,-2,2
01585,安平町,female_30_39,女,30-39歳,5,8,-3,3
01585,安平町,female_40_49,女,40-49歳,1,3,-2,2
01585,安平町,female_50_59,女,50-59歳,1,6,-5,5
01585,安平町,female_60_plus,女,60歳以上,4,3,1,1
01585,安平町,female_unknown,女,不詳/その他,0,0,0,0
20000,長野県,both_total,総数,総数,39,15,24,24
20000,長野県,both_0_9,総数,0-9歳,1,0,1,1
20000,長野県,both_10_19,総数,10-19歳,2,2,0,0
20000,長野県,both_20_29,総数,20-29歳,20,7,13,13
20000,長野県,both_30_39,総数,30-39歳,4,3,1,1
20000,長野県,both_40_49,総数,40-49歳,5,1,4,4
20000,長野県,both_50_59,総数,50-59歳,4,1,3,3
20000,長野県,both_60_plus,総数,60歳以上,3,0,3,3
20000,長野県,both_unknown,総数,不詳/その他,0,1,-1,1
20000,長野県,male_total,男,総数,31,10,21,21
20000,長野県,male_0_9,男,0-9歳,0,0,0,0
20000,長野県,male_10_19,男,10-19歳,2,2,0,0
20000,長野県,male_20_29,男,20-29歳,18,4,14,14
20000,長野県,male_30_39,男,30-39歳,2,3,-1,1
20000,長野県,male_40_49,男,40-49歳,4,0,4,4
20000,長野県,male_50_59,男,50-59歳,3,0,3,3
20000,長野県,male_60_plus,男,60歳以上,2,0,2,2
20000,長野県,male_unknown,男,不詳/その他,0,1,-1,1
20000,長野県,female_total,女,総数,8,5,3,3
20000,長野県,female_0_9,女,0-9歳,1,0,1,1
20000,長野県,female_10_19,女,10-19歳,0,0,0,0
20000,長野県,female_20_29,女,20-29歳,2,3,-1,1
20000,長野県,female_30_39,女,30-39歳,2,0,2,2
20000,長野県,female_40_49,女,40-49歳,1,1,0,0
20000,長野県,female_50_59,女,50-59歳,1,1,0,0
20000,長野県,female_60_plus,女,60歳以上,1,0,1,1
20000,長野県,female_unknown,女,不詳/その他,0,0,0,0
01210,岩見沢市,both_total,総数,総数,38,17,21,21
01210,岩見沢市,both_0_9,総数,0-9歳,1,3,-2,2
01210,岩見沢市,both_10_19,総数,10-19歳,5,2,3,3
01210,岩見沢市,both_20_29,総数,20-29歳,16,2,14,14
01210,岩見沢市,both_30_39,総数,30-39歳,9,4,5,5
01210,岩見沢市,both_40_49,総数,40-49歳,0,3,-3,3
01210,岩見沢市,both_50_59,総数,50-59歳,2,0,2,2
01210,岩見沢市,both_60_plus,総数,60歳以上,5,3,2,2
01210,岩見沢市,both_unknown,総数,不詳/その他,0,0,0,0
01210,岩見沢市,male_total,男,総数,23,10,13,13
01210,岩見沢市,male_0_9,男,0-9歳,0,2,-2,2
01210,岩見沢市,male_10_19,男,10-19歳,2,2,0,0
01210,岩見沢市,male_20_29,男,20-29歳,12,1,11,11
01210,岩見沢市,male_30_39,男,30-39歳,7,1,6,6
01210,岩見沢市,male_40_49,男,40-49歳,0,2,-2,2
01210,岩見沢市,male_50_59,男,50-59歳,1,0,1,1
01210,岩見沢市,male_60_plus,男,60歳以上,1,2,-1,1
01210,岩見沢市,male_unknown,男,不詳/その他,0,0,0,0
01210,岩見沢市,female_total,女,総数,15,7,8,8
01210,岩見沢市,female_0_9,女,0-9歳,1,1,0,0
01210,岩見沢市,female_10_19,女,10-19歳,3,0,3,3
01210,岩見沢市,female_20_29,女,20-29歳,4,1,3,3
01210,岩見沢市,female_30_39,女,30-39歳,2,3,-1,1
01210,岩見沢市,female_40_49,女,40-49歳,0,1,-1,1
01210,岩見沢市,female_50_59,女,50-59歳,1,0,1,1
01210,岩見沢市,female_60_plus,女,60歳以上,4,1,3,3
01210,岩見沢市,female_unknown,女,不詳/その他,0,0,0,0
10000,群馬県,both_total,総数,総数,42,21,21,21
10000,群馬県,both_0_9,総数,0-9歳,4,0,4,4
10000,群馬県,both_10_19,総数,10-19歳,10,1,9,9
10000,群馬県,both_20_29,総数,20-29歳,15,12,3,3
10000,群馬県,both_30_39,総数,30-39歳,8,3,5,5
10000,群馬県,both_40_49,総数,40-49歳,5,5,0,0
10000,群馬県,both_50_59,総数,50-59歳,0,0,0,0
10000,群馬県,both_60_plus,総数,60歳以上,0,0,0,0
10000,群馬県,both_unknown,総数,不詳/その他,0,0,0,0
10000,群馬県,male_total,男,総数,25,16,9,9
10000,群馬県,male_0_9,男,0-9歳,3,0,3,3
10000,群馬県,male_10_19,男,10-19歳,5,0,5,5
10000,群馬県,male_20_29,男,20-29歳,7,11,-4,4
10000,群馬県,male_30_39,男,30-39歳,6,2,4,4
10000,群馬県,male_40_49,男,40-49歳,4,3,1,1
10000,群馬県,male_50_59,男,50-59歳,0,0,0,0
10000,群馬県,male_60_plus,男,60歳以上,0,0,0,0
10000,群馬県,male_unknown,男,不詳/その他,0,0,0,0
10000,群馬県,female_total,女,総数,17,5,12,12
10000,群馬県,female_0_9,女,0-9歳,1,0,1,1
10000,群馬県,female_10_19,女,10-19歳,5,1,4,4
10000,群馬県,female_20_29,女,20-29歳,8,1,7,7
10000,群馬県,female_30_39,女,30-39歳,2,1,1,1
10000,群馬県,female_40_49,女,40-49歳,1,2,-1,1
10000,群馬県,female_50_59,女,50-59歳,0,0,0,0
10000,群馬県,female_60_plus,女,60歳以上,0,0,0,0
10000,群馬県,female_unknown,女,不詳/その他,0,0,0,0
26000,京都府,both_total,総数,総数,54,34,20,20
26000,京都府,both_0_9,総数,0-9歳,8,1,7,7
26000,京都府,both_10_19,総数,10-19歳,4,5,-1,1
26000,京都府,both_20_29,総数,20-29歳,13,8,5,5
26000,京都府,both_30_39,総数,30-39歳,11,9,2,2
26000,京都府,both_40_49,総数,40-49歳,4,7,-3,3
26000,京都府,both_50_59,総数,50-59歳,14,4,10,10
26000,京都府,both_60_plus,総数,60歳以上,0,0,0,0
26000,京都府,both_unknown,総数,不詳/その他,0,0,0,0
26000,京都府,male_total,男,総数,35,17,18,18
26000,京都府,male_0_9,男,0-9歳,4,0,4,4
26000,京都府,male_10_19,男,10-19歳,3,1,2,2
26000,京都府,male_20_29,男,20-29歳,9,5,4,4
26000,京都府,male_30_39,男,30-39歳,7,4,3,3
26000,京都府,male_40_49,男,40-49歳,3,5,-2,2
26000,京都府,male_50_59,男,50-59歳,9,2,7,7
26000,京都府,male_60_plus,男,60歳以上,0,0,0,0
26000,京都府,male_unknown,男,不詳/その他,0,0,0,0
26000,京都府,female_total,女,総数,19,17,2,2
26000,京都府,female_0_9,女,0-9歳,4,1,3,3
26000,京都府,female_10_19,女,10-19歳,1,4,-3,3
26000,京都府,female_20_29,女,20-29歳,4,3,1,1
26000,京都府,female_30_39,女,30-39歳,4,5,-1,1
26000,京都府,female_40_49,女,40-49歳,1,2,-1,1
26000,京都府,female_50_59,女,50-59歳,5,2,3,3
26000,京都府,female_60_plus,女,60歳以上,0,0,0,0
26000,京都府,female_unknown,女,不詳/その他,0,0,0,0
33000,岡山県,both_total,総数,総数,19,0,19,19
33000,岡山県,both_0_9,総数,0-9歳,0,0,0,0
33000,岡山県,both_10_19,総数,10-19歳,1,0,1,1
33000,岡山県,both_20_29,総数,20-29歳,9,0,9,9
33000,岡山県,both_30_39,総数,30-39歳,3,0,3,3
33000,岡山県,both_40_49,総数,40-49歳,0,0,0,0
33000,岡山県,both_50_59,総数,50-59歳,4,0,4,4
33000,岡山県,both_60_plus,総数,60歳以上,2,0,2,2
33000,岡山県,both_unknown,総数,不詳/その他,0,0,0,0
33000,岡山県,male_total,男,総数,15,0,15,15
33000,岡山県,male_0_9,男,0-9歳,0,0,0,0
33000,岡山県,male_10_19,男,10-19歳,1,0,1,1
33000,岡山県,male_20_29,男,20-29歳,7,0,7,7
33000,岡山県,male_30_39,男,30-39歳,3,0,3,3
33000,岡山県,male_40_49,男,40-49歳,0,0,0,0
33000,岡山県,male_50_59,男,50-59歳,3,0,3,3
33000,岡山県,male_60_plus,男,60歳以上,1,0,1,1
33000,岡山県,male_unknown,男,不詳/その他,0,0,0,0
33000,岡山県,female_total,女,総数,4,0,4,4
33000,岡山県,female_0_9,女,0-9歳,0,0,0,0
33000,岡山県,female_10_19,女,10-19歳,0,0,0,0
33000,岡山県,female_20_29,女,20-29歳,2,0,2,2
33000,岡山県,female_30_39,女,30-39歳,0,0,0,0
33000,岡山県,female_40_49,女,40-49歳,0,0,0,0
33000,岡山県,female_50_59,女,50-59歳,1,0,1,1
33000,岡山県,female_60_plus,女,60歳以上,1,0,1,1
33000,岡山県,female_unknown,女,不詳/その他,0,0,0,0
01217,江別市,both_total,総数,総数,47,65,-18,18
01217,江別市,both_0_9,総数,0-9歳,0,8,-8,8
01217,江別市,both_10_19,総数,10-19歳,5,4,1,1
01217,江別市,both_20_29,総数,20-29歳,20,25,-5,5
01217,江別市,both_30_39,総数,30-39歳,4,13,-9,9
01217,江別市,both_40_49,総数,40-49歳,2,2,0,0
01217,江別市,both_50_59,総数,50-59歳,7,6,1,1
01217,江別市,both_60_plus,総数,60歳以上,9,7,2,2
01217,江別市,both_unknown,総数,不詳/その他,0,0,0,0
01217,江別市,male_total,男,総数,24,35,-11,11
01217,江別市,male_0_9,男,0-9歳,0,4,-4,4
01217,江別市,male_10_19,男,10-19歳,3,1,2,2
01217,江別市,male_20_29,男,20-29歳,9,10,-1,1
01217,江別市,male_30_39,男,30-39歳,2,9,-7,7
01217,江別市,male_40_49,男,40-49歳,2,2,0,0
01217,江別市,male_50_59,男,50-59歳,3,3,0,0
01217,江別市,male_60_plus,男,60歳以上,5,6,-1,1
01217,江別市,male_unknown,男,不詳/その他,0,0,0,0
01217,江別市,female_total,女,総数,23,30,-7,7
01217,江別市,female_0_9,女,0-9歳,0,4,-4,4
01217,江別市,female_10_19,女,10-19歳,2,3,-1,1
01217,江別市,female_20_29,女,20-29歳,11,15,-4,4
01217,江別市,female_30_39,女,30-39歳,2,4,-2,2
01217,江別市,female_40_49,女,40-49歳,0,0,0,0
01217,江別市,female_50_59,女,50-59歳,4,3,1,1
01217,江別市,female_60_plus,女,60歳以上,4,1,3,3
01217,江別市,female_unknown,女,不詳/その他,0,0,0,0
23000,愛知県,both_total,総数,総数,119,101,18,18
23000,愛知県,both_0_9,総数,0-9歳,15,8,7,7
23000,愛知県,both_10_19,総数,10-19歳,8,6,2,2
23000,愛知県,both_20_29,総数,20-29歳,37,40,-3,3
23000,愛知県,both_30_39,総数,30-39歳,21,23,-2,2
23000,愛知県,both_40_49,総数,40-49歳,26,13,13,13
23000,愛知県,both_50_59,総数,50-59歳,10,6,4,4
23000,愛知県,both_60_plus,総数,60歳以上,2,5,-3,3
23000,愛知県,both_unknown,総数,不詳/その他,0,0,0,0
23000,愛知県,male_total,男,総数,79,67,12,12
23000,愛知県,male_0_9,男,0-9歳,8,2,6,6
23000,愛知県,male_10_19,男,10-19歳,5,5,0,0
23000,愛知県,male_20_29,男,20-29歳,25,26,-1,1
23000,愛知県,male_30_39,男,30-39歳,13,12,1,1
23000,愛知県,male_40_49,男,40-49歳,18,12,6,6
23000,愛知県,male_50_59,男,50-59歳,9,6,3,3
23000,愛知県,male_60_plus,男,60歳以上,1,4,-3,3
23000,愛知県,male_unknown,男,不詳/その他,0,0,0,0
23000,愛知県,female_total,女,総数,40,34,6,6
23000,愛知県,female_0_9,女,0-9歳,7,6,1,1
23000,愛知県,female_10_19,女,10-19歳,3,1,2,2
23000,愛知県,female_20_29,女,20-29歳,12,14,-2,2
23000,愛知県,female_30_39,女,30-39歳,8,11,-3,3
23000,愛知県,female_40_49,女,40-49歳,8,1,7,7
23000,愛知県,female_50_59,女,50-59歳,1,0,1,1
23000,愛知県,female_60_plus,女,60歳以上,1,1,0,0
23000,愛知県,female_unknown,女,不詳/その他,0,0,0,0
27000,大阪府,both_total,総数,総数,111,94,17,17
27000,大阪府,both_0_9,総数,0-9歳,9,8,1,1
27000,大阪府,both_10_19,総数,10-19歳,8,8,0,0
27000,大阪府,both_20_29,総数,20-29歳,43,36,7,7
27000,大阪府,both_30_39,総数,30-39歳,27,20,7,7
27000,大阪府,both_40_49,総数,40-49歳,10,11,-1,1
27000,大阪府,both_50_59,総数,50-59歳,12,9,3,3
27000,大阪府,both_60_plus,総数,60歳以上,2,2,0,0
27000,大阪府,both_unknown,総数,不詳/その他,0,0,0,0
27000,大阪府,male_total,男,総数,68,48,20,20
27000,大阪府,male_0_9,男,0-9歳,5,6,-1,1
27000,大阪府,male_10_19,男,10-19歳,3,2,1,1
27000,大阪府,male_20_29,男,20-29歳,25,19,6,6
27000,大阪府,male_30_39,男,30-39歳,17,9,8,8
27000,大阪府,male_40_49,男,40-49歳,9,7,2,2
27000,大阪府,male_50_59,男,50-59歳,8,4,4,4
27000,大阪府,male_60_plus,男,60歳以上,1,1,0,0
27000,大阪府,male_unknown,男,不詳/その他,0,0,0,0
27000,大阪府,female_total,女,総数,43,46,-3,3
27000,大阪府,female_0_9,女,0-9歳,4,2,2,2
27000,大阪府,female_10_19,女,10-19歳,5,6,-1,1
27000,大阪府,female_20_29,女,20-29歳,18,17,1,1
27000,大阪府,female_30_39,女,30-39歳,10,11,-1,1
27000,大阪府,female_40_49,女,40-49歳,1,4,-3,3
27000,大阪府,female_50_59,女,50-59歳,4,5,-1,1
27000,大阪府,female_60_plus,女,60歳以上,1,1,0,0
27000,大阪府,female_unknown,女,不詳/その他,0,0,0,0
01205,室蘭市,both_total,総数,総数,54,38,16,16
01205,室蘭市,both_0_9,総数,0-9歳,4,0,4,4
01205,室蘭市,both_10_19,総数,10-19歳,8,2,6,6
01205,室蘭市,both_20_29,総数,20-29歳,21,23,-2,2
01205,室蘭市,both_30_39,総数,30-39歳,14,3,11,11
01205,室蘭市,both_40_49,総数,40-49歳,3,4,-1,1
01205,室蘭市,both_50_59,総数,50-59歳,0,6,-6,6
01205,室蘭市,both_60_plus,総数,60歳以上,4,0,4,4
01205,室蘭市,both_unknown,総数,不詳/その他,0,0,0,0
01205,室蘭市,male_total,男,総数,34,29,5,5
01205,室蘭市,male_0_9,男,0-9歳,0,0,0,0
01205,室蘭市,male_10_19,男,10-19歳,5,2,3,3
01205,室蘭市,male_20_29,男,20-29歳,16,15,1,1
01205,室蘭市,male_30_39,男,30-39歳,8,3,5,5
01205,室蘭市,male_40_49,男,40-49歳,3,3,0,0
01205,室蘭市,male_50_59,男,50-59歳,0,6,-6,6
01205,室蘭市,male_60_plus,男,60歳以上,2,0,2,2
01205,室蘭市,male_unknown,男,不詳/その他,0,0,0,0
01205,室蘭市,female_total,女,総数,20,9,11,11
01205,室蘭市,female_0_9,女,0-9歳,4,0,4,4
01205,室蘭市,female_10_19,女,10-19歳,3,0,3,3
01205,室蘭市,female_20_29,女,20-29歳,5,8,-3,3
01205,室蘭市,female_30_39,女,30-39歳,6,0,6,6
01205,室蘭市,female_40_49,女,40-49歳,0,1,-1,1
01205,室蘭市,female_50_59,女,50-59歳,0,0,0,0
01205,室蘭市,female_60_plus,女,60歳以上,2,0,2,2
01205,室蘭市,female_unknown,女,不詳/その他,0,0,0,0
08000,茨城県,both_total,総数,総数,37,53,-16,16
08000,茨城県,both_0_9,総数,0-9歳,3,3,0,0
08000,茨城県,both_10_19,総数,10-19歳,4,7,-3,3
08000,茨城県,both_20_29,総数,20-29歳,13,16,-3,3
08000,茨城県,both_30_39,総数,30-39歳,6,10,-4,4
08000,茨城県,both_40_49,総数,40-49歳,6,13,-7,7
08000,茨城県,both_50_59,総数,50-59歳,5,4,1,1
08000,茨城県,both_60_plus,総数,60歳以上,0,0,0,0
08000,茨城県,both_unknown,総数,不詳/その他,0,0,0,0
08000,茨城県,male_total,男,総数,23,34,-11,11
08000,茨城県,male_0_9,男,0-9歳,2,1,1,1
08000,茨城県,male_10_19,男,10-19歳,4,3,1,1
08000,茨城県,male_20_29,男,20-29歳,6,12,-6,6
08000,茨城県,male_30_39,男,30-39歳,3,8,-5,5
08000,茨城県,male_40_49,男,40-49歳,4,7,-3,3
08000,茨城県,male_50_59,男,50-59歳,4,3,1,1
08000,茨城県,male_60_plus,男,60歳以上,0,0,0,0
08000,茨城県,male_unknown,男,不詳/その他,0,0,0,0
08000,茨城県,female_total,女,総数,14,19,-5,5
08000,茨城県,female_0_9,女,0-9歳,1,2,-1,1
08000,茨城県,female_10_19,女,10-19歳,0,4,-4,4
08000,茨城県,female_20_29,女,20-29歳,7,4,3,3
08000,茨城県,female_30_39,女,30-39歳,3,2,1,1
08000,茨城県,female_40_49,女,40-49歳,2,6,-4,4
08000,茨城県,female_50_59,女,50-59歳,1,1,0,0
08000,茨城県,female_60_plus,女,60歳以上,0,0,0,0
08000,茨城県,female_unknown,女,不詳/その他,0,0,0,0
46000,鹿児島県,both_total,総数,総数,22,38,-16,16
46000,鹿児島県,both_0_9,総数,0-9歳,0,5,-5,5
46000,鹿児島県,both_10_19,総数,10-19歳,1,3,-2,2
46000,鹿児島県,both_20_29,総数,20-29歳,9,12,-3,3
46000,鹿児島県,both_30_39,総数,30-39歳,1,6,-5,5
46000,鹿児島県,both_40_49,総数,40-49歳,6,8,-2,2
46000,鹿児島県,both_50_59,総数,50-59歳,1,3,-2,2
46000,鹿児島県,both_60_plus,総数,60歳以上,4,1,3,3
46000,鹿児島県,both_unknown,総数,不詳/その他,0,0,0,0
46000,鹿児島県,male_total,男,総数,14,18,-4,4
46000,鹿児島県,male_0_9,男,0-9歳,0,2,-2,2
46000,鹿児島県,male_10_19,男,10-19歳,1,1,0,0
46000,鹿児島県,male_20_29,男,20-29歳,2,2,0,0
46000,鹿児島県,male_30_39,男,30-39歳,1,4,-3,3
46000,鹿児島県,male_40_49,男,40-49歳,6,5,1,1
46000,鹿児島県,male_50_59,男,50-59歳,1,3,-2,2
46000,鹿児島県,male_60_plus,男,60歳以上,3,1,2,2
46000,鹿児島県,male_unknown,男,不詳/その他,0,0,0,0
46000,鹿児島県,female_total,女,総数,8,20,-12,12
46000,鹿児島県,female_0_9,女,0-9歳,0,3,-3,3
46000,鹿児島県,female_10_19,女,10-19歳,0,2,-2,2
46000,鹿児島県,female_20_29,女,20-29歳,7,10,-3,3
46000,鹿児島県,female_30_39,女,30-39歳,0,2,-2,2
46000,鹿児島県,female_40_49,女,40-49歳,0,3,-3,3
46000,鹿児島県,female_50_59,女,50-59歳,0,0,0,0
46000,鹿児島県,female_60_plus,女,60歳以上,1,0,1,1
46000,鹿児島県,female_unknown,女,不詳/その他,0,0,0,0
01610,新ひだか町,both_total,総数,総数,44,29,15,15
01610,新ひだか町,both_0_9,総数,0-9歳,6,7,-1,1
01610,新ひだか町,both_10_19,総数,10-19歳,8,3,5,5
01610,新ひだか町,both_20_29,総数,20-29歳,11,4,7,7
01610,新ひだか町,both_30_39,総数,30-39歳,8,6,2,2
01610,新ひだか町,both_40_49,総数,40-49歳,3,6,-3,3
01610,新ひだか町,both_50_59,総数,50-59歳,6,3,3,3
01610,新ひだか町,both_60_plus,総数,60歳以上,2,0,2,2
01610,新ひだか町,both_unknown,総数,不詳/その他,0,0,0,0
01610,新ひだか町,male_total,男,総数,25,21,4,4
01610,新ひだか町,male_0_9,男,0-9歳,3,5,-2,2
01610,新ひだか町,male_10_19,男,10-19歳,5,2,3,3
01610,新ひだか町,male_20_29,男,20-29歳,4,4,0,0
01610,新ひだか町,male_30_39,男,30-39歳,5,3,2,2
01610,新ひだか町,male_40_49,男,40-49歳,2,5,-3,3
01610,新ひだか町,male_50_59,男,50-59歳,5,2,3,3
01610,新ひだか町,male_60_plus,男,60歳以上,1,0,1,1
01610,新ひだか町,male_unknown,男,不詳/その他,0,0,0,0
01610,新ひだか町,female_total,女,総数,19,8,11,11
01610,新ひだか町,female_0_9,女,0-9歳,3,2,1,1
01610,新ひだか町,female_10_19,女,10-19歳,3,1,2,2
01610,新ひだか町,female_20_29,女,20-29歳,7,0,7,7
01610,新ひだか町,female_30_39,女,30-39歳,3,3,0,0
01610,新ひだか町,female_40_49,女,40-49歳,1,1,0,0
01610,新ひだか町,female_50_59,女,50-59歳,1,1,0,0
01610,新ひだか町,female_60_plus,女,60歳以上,1,0,1,1
01610,新ひだか町,female_unknown,女,不詳/その他,0,0,0,0
01208,北見市,both_total,総数,総数,38,24,14,14
01208,北見市,both_0_9,総数,0-9歳,6,1,5,5
01208,北見市,both_10_19,総数,10-19歳,10,3,7,7
01208,北見市,both_20_29,総数,20-29歳,9,11,-2,2
01208,北見市,both_30_39,総数,30-39歳,6,2,4,4
01208,北見市,both_40_49,総数,40-49歳,2,6,-4,4
01208,北見市,both_50_59,総数,50-59歳,2,0,2,2
01208,北見市,both_60_plus,総数,60歳以上,3,1,2,2
01208,北見市,both_unknown,総数,不詳/その他,0,0,0,0
01208,北見市,male_total,男,総数,18,15,3,3
01208,北見市,male_0_9,男,0-9歳,2,1,1,1
01208,北見市,male_10_19,男,10-19歳,5,1,4,4
01208,北見市,male_20_29,男,20-29歳,5,7,-2,2
01208,北見市,male_30_39,男,30-39歳,3,1,2,2
01208,北見市,male_40_49,男,40-49歳,1,4,-3,3
01208,北見市,male_50_59,男,50-59歳,1,0,1,1
01208,北見市,male_60_plus,男,60歳以上,1,1,0,0
01208,北見市,male_unknown,男,不詳/その他,0,0,0,0
01208,北見市,female_total,女,総数,20,9,11,11
01208,北見市,female_0_9,女,0-9歳,4,0,4,4
01208,北見市,female_10_19,女,10-19歳,5,2,3,3
01208,北見市,female_20_29,女,20-29歳,4,4,0,0
01208,北見市,female_30_39,女,30-39歳,3,1,2,2
01208,北見市,female_40_49,女,40-49歳,1,2,-1,1
01208,北見市,female_50_59,女,50-59歳,1,0,1,1
01208,北見市,female_60_plus,女,60歳以上,2,0,2,2
01208,北見市,female_unknown,女,不詳/その他,0,0,0,0
01691,別海町,both_total,総数,総数,0,14,-14,14
01691,別海町,both_0_9,総数,0-9歳,0,0,0,0
01691,別海町,both_10_19,総数,10-19歳,0,2,-2,2
01691,別海町,both_20_29,総数,20-29歳,0,5,-5,5
01691,別海町,both_30_39,総数,30-39歳,0,4,-4,4
01691,別海町,both_40_49,総数,40-49歳,0,2,-2,2
01691,別海町,both_50_59,総数,50-59歳,0,1,-1,1
01691,別海町,both_60_plus,総数,60歳以上,0,0,0,0
01691,別海町,both_unknown,総数,不詳/その他,0,0,0,0
01691,別海町,male_total,男,総数,0,9,-9,9
01691,別海町,male_0_9,男,0-9歳,0,0,0,0
01691,別海町,male_10_19,男,10-19歳,0,1,-1,1
01691,別海町,male_20_29,男,20-29歳,0,4,-4,4
01691,別海町,male_30_39,男,30-39歳,0,2,-2,2
01691,別海町,male_40_49,男,40-49歳,0,1,-1,1
01691,別海町,male_50_59,男,50-59歳,0,1,-1,1
01691,別海町,male_60_plus,男,60歳以上,0,0,0,0
01691,別海町,male_unknown,男,不詳/その他,0,0,0,0
01691,別海町,female_total,女,総数,0,5,-5,5
01691,別海町,female_0_9,女,0-9歳,0,0,0,0
01691,別海町,female_10_19,女,10-19歳,0,1,-1,1
01691,別海町,female_20_29,女,20-29歳,0,1,-1,1
01691,別海町,female_30_39,女,30-39歳,0,2,-2,2
01691,別海町,female_40_49,女,40-49歳,0,1,-1,1
01691,別海町,female_50_59,女,50-59歳,0,0,0,0
01691,別海町,female_60_plus,女,60歳以上,0,0,0,0
01691,別海町,female_unknown,女,不詳/その他,0,0,0,0
01228,深川市,both_total,総数,総数,13,0,13,13
01228,深川市,both_0_9,総数,0-9歳,2,0,2,2
01228,深川市,both_10_19,総数,10-19歳,4,0,4,4
01228,深川市,both_20_29,総数,20-29歳,7,0,7,7
01228,深川市,both_30_39,総数,30-39歳,0,0,0,0
01228,深川市,both_40_49,総数,40-49歳,0,0,0,0
01228,深川市,both_50_59,総数,50-59歳,0,0,0,0
01228,深川市,both_60_plus,総数,60歳以上,0,0,0,0
01228,深川市,both_unknown,総数,不詳/その他,0,0,0,0
01228,深川市,male_total,男,総数,6,0,6,6
01228,深川市,male_0_9,男,0-9歳,1,0,1,1
01228,深川市,male_10_19,男,10-19歳,1,0,1,1
01228,深川市,male_20_29,男,20-29歳,4,0,4,4
01228,深川市,male_30_39,男,30-39歳,0,0,0,0
01228,深川市,male_40_49,男,40-49歳,0,0,0,0
01228,深川市,male_50_59,男,50-59歳,0,0,0,0
01228,深川市,male_60_plus,男,60歳以上,0,0,0,0
01228,深川市,male_unknown,男,不詳/その他,0,0,0,0
01228,深川市,female_total,女,総数,7,0,7,7
01228,深川市,female_0_9,女,0-9歳,1,0,1,1
01228,深川市,female_10_19,女,10-19歳,3,0,3,3
01228,深川市,female_20_29,女,20-29歳,3,0,3,3
01228,深川市,female_30_39,女,30-39歳,0,0,0,0
01228,深川市,female_40_49,女,40-49歳,0,0,0,0
01228,深川市,female_50_59,女,50-59歳,0,0,0,0
01228,深川市,female_60_plus,女,60歳以上,0,0,0,0
01228,深川市,female_unknown,女,不詳/その他,0,0,0,0
01230,登別市,both_total,総数,総数,37,24,13,13
01230,登別市,both_0_9,総数,0-9歳,7,1,6,6
01230,登別市,both_10_19,総数,10-19歳,3,5,-2,2
01230,登別市,both_20_29,総数,20-29歳,14,7,7,7
01230,登別市,both_30_39,総数,30-39歳,6,2,4,4
01230,登別市,both_40_49,総数,40-49歳,4,1,3,3
01230,登別市,both_50_59,総数,50-59歳,2,2,0,0
01230,登別市,both_60_plus,総数,60歳以上,1,6,-5,5
01230,登別市,both_unknown,総数,不詳/その他,0,0,0,0
01230,登別市,male_total,男,総数,21,17,4,4
01230,登別市,male_0_9,男,0-9歳,4,1,3,3
01230,登別市,male_10_19,男,10-19歳,2,4,-2,2
01230,登別市,male_20_29,男,20-29歳,9,6,3,3
01230,登別市,male_30_39,男,30-39歳,3,1,2,2
01230,登別市,male_40_49,男,40-49歳,2,1,1,1
01230,登別市,male_50_59,男,50-59歳,1,1,0,0
01230,登別市,male_60_plus,男,60歳以上,0,3,-3,3
01230,登別市,male_unknown,男,不詳/その他,0,0,0,0
01230,登別市,female_total,女,総数,16,7,9,9
01230,登別市,female_0_9,女,0-9歳,3,0,3,3
01230,登別市,female_10_19,女,10-19歳,1,1,0,0
01230,登別市,female_20_29,女,20-29歳,5,1,4,4
01230,登別市,female_30_39,女,30-39歳,3,1,2,2
01230,登別市,female_40_49,女,40-49歳,2,0,2,2
01230,登別市,female_50_59,女,50-59歳,1,1,0,0
01230,登別市,female_60_plus,女,60歳以上,1,3,-2,2
01230,登別市,female_unknown,女,不詳/その他,0,0,0,0
01233,伊達市,both_total,総数,総数,13,0,13,13
01233,伊達市,both_0_9,総数,0-9歳,1,0,1,1
01233,伊達市,both_10_19,総数,10-19歳,1,0,1,1
01233,伊達市,both_20_29,総数,20-29歳,6,0,6,6
01233,伊達市,both_30_39,総数,30-39歳,1,0,1,1
01233,伊達市,both_40_49,総数,40-49歳,0,0,0,0
01233,伊達市,both_50_59,総数,50-59歳,0,0,0,0
01233,伊達市,both_60_plus,総数,60歳以上,4,0,4,4
01233,伊達市,both_unknown,総数,不詳/その他,0,0,0,0
01233,伊達市,male_total,男,総数,4,0,4,4
01233,伊達市,male_0_9,男,0-9歳,0,0,0,0
01233,伊達市,male_10_19,男,10-19歳,0,0,0,0
01233,伊達市,male_20_29,男,20-29歳,3,0,3,3
01233,伊達市,male_30_39,男,30-39歳,0,0,0,0
01233,伊達市,male_40_49,男,40-49歳,0,0,0,0
01233,伊達市,male_50_59,男,50-59歳,0,0,0,0
01233,伊達市,male_60_plus,男,60歳以上,1,0,1,1
01233,伊達市,male_unknown,男,不詳/その他,0,0,0,0
01233,伊達市,female_total,女,総数,9,0,9,9
01233,伊達市,female_0_9,女,0-9歳,1,0,1,1
01233,伊達市,female_10_19,女,10-19歳,1,0,1,1
01233,伊達市,female_20_29,女,20-29歳,3,0,3,3
01233,伊達市,female_30_39,女,30-39歳,1,0,1,1
01233,伊達市,female_40_49,女,40-49歳,0,0,0,0
01233,伊達市,female_50_59,女,50-59歳,0,0,0,0
01233,伊達市,female_60_plus,女,60歳以上,3,0,3,3
01233,伊達市,female_unknown,女,不詳/その他,0,0,0,0
01346,八雲町,both_total,総数,総数,23,10,13,13
01346,八雲町,both_0_9,総数,0-9歳,3,0,3,3
01346,八雲町,both_10_19,総数,10-19歳,0,0,0,0
01346,八雲町,both_20_29,総数,20-29歳,4,5,-1,1
01346,八雲町,both_30_39,総数,30-39歳,3,1,2,2
01346,八雲町,both_40_49,総数,40-49歳,6,3,3,3
01346,八雲町,both_50_59,総数,50-59歳,5,1,4,4
01346,八雲町,both_60_plus,総数,60歳以上,2,0,2,2
01346,八雲町,both_unknown,総数,不詳/その他,0,0,0,0
01346,八雲町,male_total,男,総数,15,8,7,7
01346,八雲町,male_0_9,男,0-9歳,1,0,1,1
01346,八雲町,male_10_19,男,10-19歳,0,0,0,0
01346,八雲町,male_20_29,男,20-29歳,3,4,-1,1
01346,八雲町,male_30_39,男,30-39歳,2,1,1,1
01346,八雲町,male_40_49,男,40-49歳,5,2,3,3
01346,八雲町,male_50_59,男,50-59歳,4,1,3,3
01346,八雲町,male_60_plus,男,60歳以上,0,0,0,0
01346,八雲町,male_unknown,男,不詳/その他,0,0,0,0
01346,八雲町,female_total,女,総数,8,2,6,6
01346,八雲町,female_0_9,女,0-9歳,2,0,2,2
01346,八雲町,female_10_19,女,10-19歳,0,0,0,0
01346,八雲町,female_20_29,女,20-29歳,1,1,0,0
01346,八雲町,female_30_39,女,30-39歳,1,0,1,1
01346,八雲町,female_40_49,女,40-49歳,1,1,0,0
01346,八雲町,female_50_59,女,50-59歳,1,0,1,1
01346,八雲町,female_60_plus,女,60歳以上,2,0,2,2
01346,八雲町,female_unknown,女,不詳/その他,0,0,0,0
25000,滋賀県,both_total,総数,総数,28,15,13,13
25000,滋賀県,both_0_9,総数,0-9歳,0,0,0,0
25000,滋賀県,both_10_19,総数,10-19歳,2,2,0,0
25000,滋賀県,both_20_29,総数,20-29歳,10,10,0,0
25000,滋賀県,both_30_39,総数,30-39歳,3,2,1,1
25000,滋賀県,both_40_49,総数,40-49歳,5,0,5,5
25000,滋賀県,both_50_59,総数,50-59歳,4,1,3,3
25000,滋賀県,both_60_plus,総数,60歳以上,4,0,4,4
25000,滋賀県,both_unknown,総数,不詳/その他,0,0,0,0
25000,滋賀県,male_total,男,総数,23,11,12,12
25000,滋賀県,male_0_9,男,0-9歳,0,0,0,0
25000,滋賀県,male_10_19,男,10-19歳,2,0,2,2
25000,滋賀県,male_20_29,男,20-29歳,9,8,1,1
25000,滋賀県,male_30_39,男,30-39歳,2,2,0,0
25000,滋賀県,male_40_49,男,40-49歳,4,0,4,4
25000,滋賀県,male_50_59,男,50-59歳,3,1,2,2
25000,滋賀県,male_60_plus,男,60歳以上,3,0,3,3
25000,滋賀県,male_unknown,男,不詳/その他,0,0,0,0
25000,滋賀県,female_total,女,総数,5,4,1,1
25000,滋賀県,female_0_9,女,0-9歳,0,0,0,0
25000,滋賀県,female_10_19,女,10-19歳,0,2,-2,2
25000,滋賀県,female_20_29,女,20-29歳,1,2,-1,1
25000,滋賀県,female_30_39,女,30-39歳,1,0,1,1
25000,滋賀県,female_40_49,女,40-49歳,1,0,1,1
25000,滋賀県,female_50_59,女,50-59歳,1,0,1,1
25000,滋賀県,female_60_plus,女,60歳以上,1,0,1,1
25000,滋賀県,female_unknown,女,不詳/その他,0,0,0,0
01543,美幌町,both_total,総数,総数,12,0,12,12
01543,美幌町,both_0_9,総数,0-9歳,0,0,0,0
01543,美幌町,both_10_19,総数,10-19歳,5,0,5,5
01543,美幌町,both_20_29,総数,20-29歳,3,0,3,3
01543,美幌町,both_30_39,総数,30-39歳,1,0,1,1
01543,美幌町,both_40_49,総数,40-49歳,3,0,3,3
01543,美幌町,both_50_59,総数,50-59歳,0,0,0,0
01543,美幌町,both_60_plus,総数,60歳以上,0,0,0,0
01543,美幌町,both_unknown,総数,不詳/その他,0,0,0,0
01543,美幌町,male_total,男,総数,11,0,11,11
01543,美幌町,male_0_9,男,0-9歳,0,0,0,0
01543,美幌町,male_10_19,男,10-19歳,5,0,5,5
01543,美幌町,male_20_29,男,20-29歳,3,0,3,3
01543,美幌町,male_30_39,男,30-39歳,0,0,0,0
01543,美幌町,male_40_49,男,40-49歳,3,0,3,3
01543,美幌町,male_50_59,男,50-59歳,0,0,0,0
01543,美幌町,male_60_plus,男,60歳以上,0,0,0,0
01543,美幌町,male_unknown,男,不詳/その他,0,0,0,0
01543,美幌町,female_total,女,総数,1,0,1,1
01543,美幌町,female_0_9,女,0-9歳,0,0,0,0
01543,美幌町,female_10_19,女,10-19歳,0,0,0,0
01543,美幌町,female_20_29,女,20-29歳,0,0,0,0
01543,美幌町,female_30_39,女,30-39歳,1,0,1,1
01543,美幌町,female_40_49,女,40-49歳,0,0,0,0
01543,美幌町,female_50_59,女,50-59歳,0,0,0,0
01543,美幌町,female_60_plus,女,60歳以上,0,0,0,0
01543,美幌町,female_unknown,女,不詳/その他,0,0,0,0
01609,えりも町,both_total,総数,総数,12,0,12,12
01609,えりも町,both_0_9,総数,0-9歳,2,0,2,2
01609,えりも町,both_10_19,総数,10-19歳,2,0,2,2
01609,えりも町,both_20_29,総数,20-29歳,0,0,0,0
01609,えりも町,both_30_39,総数,30-39歳,4,0,4,4
01609,えりも町,both_40_49,総数,40-49歳,2,0,2,2
01609,えりも町,both_50_59,総数,50-59歳,2,0,2,2
01609,えりも町,both_60_plus,総数,60歳以上,0,0,0,0
01609,えりも町,both_unknown,総数,不詳/その他,0,0,0,0
01609,えりも町,male_total,男,総数,5,0,5,5
01609,えりも町,male_0_9,男,0-9歳,0,0,0,0
01609,えりも町,male_10_19,男,10-19歳,0,0,0,0
01609,えりも町,male_20_29,男,20-29歳,0,0,0,0
01609,えりも町,male_30_39,男,30-39歳,2,0,2,2
01609,えりも町,male_40_49,男,40-49歳,2,0,2,2
01609,えりも町,male_50_59,男,50-59歳,1,0,1,1
01609,えりも町,male_60_plus,男,60歳以上,0,0,0,0
01609,えりも町,male_unknown,男,不詳/その他,0,0,0,0
01609,えりも町,female_total,女,総数,7,0,7,7
01609,えりも町,female_0_9,女,0-9歳,2,0,2,2
01609,えりも町,female_10_19,女,10-19歳,2,0,2,2
01609,えりも町,female_20_29,女,20-29歳,0,0,0,0
01609,えりも町,female_30_39,女,30-39歳,2,0,2,2
01609,えりも町,female_40_49,女,40-49歳,0,0,0,0
01609,えりも町,female_50_59,女,50-59歳,1,0,1,1
01609,えりも町,female_60_plus,女,60歳以上,0,0,0,0
01609,えりも町,female_unknown,女,不詳/その他,0,0,0,0
01631,音更町,both_total,総数,総数,0,12,-12,12
01631,音更町,both_0_9,総数,0-9歳,0,0,0,0
01631,音更町,both_10_19,総数,10-19歳,0,1,-1,1
01631,音更町,both_20_29,総数,20-29歳,0,7,-7,7
01631,音更町,both_30_39,総数,30-39歳,0,1,-1,1
01631,音更町,both_40_49,総数,40-49歳,0,0,0,0
01631,音更町,both_50_59,総数,50-59歳,0,3,-3,3
01631,音更町,both_60_plus,総数,60歳以上,0,0,0,0
01631,音更町,both_unknown,総数,不詳/その他,0,0,0,0
01631,音更町,male_total,男,総数,0,6,-6,6
01631,音更町,male_0_9,男,0-9歳,0,0,0,0
01631,音更町,male_10_19,男,10-19歳,0,0,0,0
01631,音更町,male_20_29,男,20-29歳,0,4,-4,4
01631,音更町,male_30_39,男,30-39歳,0,0,0,0
01631,音更町,male_40_49,男,40-49歳,0,0,0,0
01631,音更町,male_50_59,男,50-59歳,0,2,-2,2
01631,音更町,male_60_plus,男,60歳以上,0,0,0,0
01631,音更町,male_unknown,男,不詳/その他,0,0,0,0
01631,音更町,female_total,女,総数,0,6,-6,6
01631,音更町,female_0_9,女,0-9歳,0,0,0,0
01631,音更町,female_10_19,女,10-19歳,0,1,-1,1
01631,音更町,female_20_29,女,20-29歳,0,3,-3,3
01631,音更町,female_30_39,女,30-39歳,0,1,-1,1
01631,音更町,female_40_49,女,40-49歳,0,0,0,0
01631,音更町,female_50_59,女,50-59歳,0,1,-1,1
01631,音更町,female_60_plus,女,60歳以上,0,0,0,0
01631,音更町,female_unknown,女,不詳/その他,0,0,0,0
44000,大分県,both_total,総数,総数,17,29,-12,12
44000,大分県,both_0_9,総数,0-9歳,2,4,-2,2
44000,大分県,both_10_19,総数,10-19歳,2,2,0,0
44000,大分県,both_20_29,総数,20-29歳,4,10,-6,6
44000,大分県,both_30_39,総数,30-39歳,2,8,-6,6
44000,大分県,both_40_49,総数,40-49歳,3,3,0,0
44000,大分県,both_50_59,総数,50-59歳,2,2,0,0
44000,大分県,both_60_plus,総数,60歳以上,2,0,2,2
44000,大分県,both_unknown,総数,不詳/その他,0,0,0,0
44000,大分県,male_total,男,総数,9,22,-13,13
44000,大分県,male_0_9,男,0-9歳,0,3,-3,3
44000,大分県,male_10_19,男,10-19歳,1,1,0,0
44000,大分県,male_20_29,男,20-29歳,2,8,-6,6
44000,大分県,male_30_39,男,30-39歳,2,5,-3,3
44000,大分県,male_40_49,男,40-49歳,2,3,-1,1
44000,大分県,male_50_59,男,50-59歳,1,2,-1,1
44000,大分県,male_60_plus,男,60歳以上,1,0,1,1
44000,大分県,male_unknown,男,不詳/その他,0,0,0,0
44000,大分県,female_total,女,総数,8,7,1,1
44000,大分県,female_0_9,女,0-9歳,2,1,1,1
44000,大分県,female_10_19,女,10-19歳,1,1,0,0
44000,大分県,female_20_29,女,20-29歳,2,2,0,0
44000,大分県,female_30_39,女,30-39歳,0,3,-3,3
44000,大分県,female_40_49,女,40-49歳,1,0,1,1
44000,大分県,female_50_59,女,50-59歳,1,0,1,1
44000,大分県,female_60_plus,女,60歳以上,1,0,1,1
44000,大分県,female_unknown,女,不詳/その他,0,0,0,0
01207,帯広市,both_total,総数,総数,86,75,11,11
01207,帯広市,both_0_9,総数,0-9歳,7,6,1,1
01207,帯広市,both_10_19,総数,10-19歳,9,11,-2,2
01207,帯広市,both_20_29,総数,20-29歳,36,25,11,11
01207,帯広市,both_30_39,総数,30-39歳,19,16,3,3
01207,帯広市,both_40_49,総数,40-49歳,8,8,0,0
01207,帯広市,both_50_59,総数,50-59歳,4,7,-3,3
01207,帯広市,both_60_plus,総数,60歳以上,3,2,1,1
01207,帯広市,both_unknown,総数,不詳/その他,0,0,0,0
01207,帯広市,male_total,男,総数,44,55,-11,11
01207,帯広市,male_0_9,男,0-9歳,2,4,-2,2
01207,帯広市,male_10_19,男,10-19歳,4,11,-7,7
01207,帯広市,male_20_29,男,20-29歳,19,17,2,2
01207,帯広市,male_30_39,男,30-39歳,8,12,-4,4
01207,帯広市,male_40_49,男,40-49歳,7,6,1,1
01207,帯広市,male_50_59,男,50-59歳,2,5,-3,3
01207,帯広市,male_60_plus,男,60歳以上,2,0,2,2
01207,帯広市,male_unknown,男,不詳/その他,0,0,0,0
01207,帯広市,female_total,女,総数,42,20,22,22
01207,帯広市,female_0_9,女,0-9歳,5,2,3,3
01207,帯広市,female_10_19,女,10-19歳,5,0,5,5
01207,帯広市,female_20_29,女,20-29歳,17,8,9,9
01207,帯広市,female_30_39,女,30-39歳,11,4,7,7
01207,帯広市,female_40_49,女,40-49歳,1,2,-1,1
01207,帯広市,female_50_59,女,50-59歳,2,2,0,0
01207,帯広市,female_60_plus,女,60歳以上,1,2,-1,1
01207,帯広市,female_unknown,女,不詳/その他,0,0,0,0
01209,夕張市,both_total,総数,総数,11,0,11,11
01209,夕張市,both_0_9,総数,0-9歳,0,0,0,0
01209,夕張市,both_10_19,総数,10-19歳,3,0,3,3
01209,夕張市,both_20_29,総数,20-29歳,1,0,1,1
01209,夕張市,both_30_39,総数,30-39歳,1,0,1,1
01209,夕張市,both_40_49,総数,40-49歳,0,0,0,0
01209,夕張市,both_50_59,総数,50-59歳,3,0,3,3
01209,夕張市,both_60_plus,総数,60歳以上,3,0,3,3
01209,夕張市,both_unknown,総数,不詳/その他,0,0,0,0
01209,夕張市,male_total,男,総数,5,0,5,5
01209,夕張市,male_0_9,男,0-9歳,0,0,0,0
01209,夕張市,male_10_19,男,10-19歳,1,0,1,1
01209,夕張市,male_20_29,男,20-29歳,0,0,0,0
01209,夕張市,male_30_39,男,30-39歳,1,0,1,1
01209,夕張市,male_40_49,男,40-49歳,0,0,0,0
01209,夕張市,male_50_59,男,50-59歳,2,0,2,2
01209,夕張市,male_60_plus,男,60歳以上,1,0,1,1
01209,夕張市,male_unknown,男,不詳/その他,0,0,0,0
01209,夕張市,female_total,女,総数,6,0,6,6
01209,夕張市,female_0_9,女,0-9歳,0,0,0,0
01209,夕張市,female_10_19,女,10-19歳,2,0,2,2
01209,夕張市,female_20_29,女,20-29歳,1,0,1,1
01209,夕張市,female_30_39,女,30-39歳,0,0,0,0
01209,夕張市,female_40_49,女,40-49歳,0,0,0,0
01209,夕張市,female_50_59,女,50-59歳,1,0,1,1
01209,夕張市,female_60_plus,女,60歳以上,2,0,2,2
01209,夕張市,female_unknown,女,不詳/その他,0,0,0,0
01555,遠軽町,both_total,総数,総数,11,0,11,11
01555,遠軽町,both_0_9,総数,0-9歳,0,0,0,0
01555,遠軽町,both_10_19,総数,10-19歳,3,0,3,3
01555,遠軽町,both_20_29,総数,20-29歳,4,0,4,4
01555,遠軽町,both_30_39,総数,30-39歳,2,0,2,2
01555,遠軽町,both_40_49,総数,40-49歳,1,0,1,1
01555,遠軽町,both_50_59,総数,50-59歳,1,0,1,1
01555,遠軽町,both_60_plus,総数,60歳以上,0,0,0,0
01555,遠軽町,both_unknown,総数,不詳/その他,0,0,0,0
01555,遠軽町,male_total,男,総数,8,0,8,8
01555,遠軽町,male_0_9,男,0-9歳,0,0,0,0
01555,遠軽町,male_10_19,男,10-19歳,2,0,2,2
01555,遠軽町,male_20_29,男,20-29歳,3,0,3,3
01555,遠軽町,male_30_39,男,30-39歳,2,0,2,2
01555,遠軽町,male_40_49,男,40-49歳,0,0,0,0
01555,遠軽町,male_50_59,男,50-59歳,1,0,1,1
01555,遠軽町,male_60_plus,男,60歳以上,0,0,0,0
01555,遠軽町,male_unknown,男,不詳/その他,0,0,0,0
01555,遠軽町,female_total,女,総数,3,0,3,3
01555,遠軽町,female_0_9,女,0-9歳,0,0,0,0
01555,遠軽町,female_10_19,女,10-19歳,1,0,1,1
01555,遠軽町,female_20_29,女,20-29歳,1,0,1,1
01555,遠軽町,female_30_39,女,30-39歳,0,0,0,0
01555,遠軽町,female_40_49,女,40-49歳,1,0,1,1
01555,遠軽町,female_50_59,女,50-59歳,0,0,0,0
01555,遠軽町,female_60_plus,女,60歳以上,0,0,0,0
01555,遠軽町,female_unknown,女,不詳/その他,0,0,0,0
01581,厚真町,both_total,総数,総数,11,0,11,11
01581,厚真町,both_0_9,総数,0-9歳,1,0,1,1
01581,厚真町,both_10_19,総数,10-19歳,2,0,2,2
01581,厚真町,both_20_29,総数,20-29歳,2,0,2,2
01581,厚真町,both_30_39,総数,30-39歳,2,0,2,2
01581,厚真町,both_40_49,総数,40-49歳,1,0,1,1
01581,厚真町,both_50_59,総数,50-59歳,1,0,1,1
01581,厚真町,both_60_plus,総数,60歳以上,2,0,2,2
01581,厚真町,both_unknown,総数,不詳/その他,0,0,0,0
01581,厚真町,male_total,男,総数,6,0,6,6
01581,厚真町,male_0_9,男,0-9歳,0,0,0,0
01581,厚真町,male_10_19,男,10-19歳,1,0,1,1
01581,厚真町,male_20_29,男,20-29歳,1,0,1,1
01581,厚真町,male_30_39,男,30-39歳,1,0,1,1
01581,厚真町,male_40_49,男,40-49歳,0,0,0,0
01581,厚真町,male_50_59,男,50-59歳,1,0,1,1
01581,厚真町,male_60_plus,男,60歳以上,2,0,2,2
01581,厚真町,male_unknown,男,不詳/その他,0,0,0,0
01581,厚真町,female_total,女,総数,5,0,5,5
01581,厚真町,female_0_9,女,0-9歳,1,0,1,1
01581,厚真町,female_10_19,女,10-19歳,1,0,1,1
01581,厚真町,female_20_29,女,20-29歳,1,0,1,1
01581,厚真町,female_30_39,女,30-39歳,1,0,1,1
01581,厚真町,female_40_49,女,40-49歳,1,0,1,1
01581,厚真町,female_50_59,女,50-59歳,0,0,0,0
01581,厚真町,female_60_plus,女,60歳以上,0,0,0,0
01581,厚真町,female_unknown,女,不詳/その他,0,0,0,0
01601,日高町,both_total,総数,総数,21,10,11,11
01601,日高町,both_0_9,総数,0-9歳,0,0,0,0
01601,日高町,both_10_19,総数,10-19歳,4,1,3,3
01601,日高町,both_20_29,総数,20-29歳,5,6,-1,1
01601,日高町,both_30_39,総数,30-39歳,6,1,5,5
01601,日高町,both_40_49,総数,40-49歳,0,1,-1,1
01601,日高町,both_50_59,総数,50-59歳,0,0,0,0
01601,日高町,both_60_plus,総数,60歳以上,6,1,5,5
01601,日高町,both_unknown,総数,不詳/その他,0,0,0,0
01601,日高町,male_total,男,総数,13,2,11,11
01601,日高町,male_0_9,男,0-9歳,0,0,0,0
01601,日高町,male_10_19,男,10-19歳,1,0,1,1
01601,日高町,male_20_29,男,20-29歳,4,0,4,4
01601,日高町,male_30_39,男,30-39歳,5,1,4,4
01601,日高町,male_40_49,男,40-49歳,0,1,-1,1
01601,日高町,male_50_59,男,50-59歳,0,0,0,0
01601,日高町,male_60_plus,男,60歳以上,3,0,3,3
01601,日高町,male_unknown,男,不詳/その他,0,0,0,0
01601,日高町,female_total,女,総数,8,8,0,0
01601,日高町,female_0_9,女,0-9歳,0,0,0,0
01601,日高町,female_10_19,女,10-19歳,3,1,2,2
01601,日高町,female_20_29,女,20-29歳,1,6,-5,5
01601,日高町,female_30_39,女,30-39歳,1,0,1,1
01601,日高町,female_40_49,女,40-49歳,0,0,0,0
01601,日高町,female_50_59,女,50-59歳,0,0,0,0
01601,日高町,female_60_plus,女,60歳以上,3,1,2,2
01601,日高町,female_unknown,女,不詳/その他,0,0,0,0
39000,高知県,both_total,総数,総数,0,11,-11,11
39000,高知県,both_0_9,総数,0-9歳,0,3,-3,3
39000,高知県,both_10_19,総数,10-19歳,0,1,-1,1
39000,高知県,both_20_29,総数,20-29歳,0,0,0,0
39000,高知県,both_30_39,総数,30-39歳,0,4,-4,4
39000,高知県,both_40_49,総数,40-49歳,0,3,-3,3
39000,高知県,both_50_59,総数,50-59歳,0,0,0,0
39000,高知県,both_60_plus,総数,60歳以上,0,0,0,0
39000,高知県,both_unknown,総数,不詳/その他,0,0,0,0
39000,高知県,male_total,男,総数,0,8,-8,8
39000,高知県,male_0_9,男,0-9歳,0,2,-2,2
39000,高知県,male_10_19,男,10-19歳,0,1,-1,1
39000,高知県,male_20_29,男,20-29歳,0,0,0,0
39000,高知県,male_30_39,男,30-39歳,0,3,-3,3
39000,高知県,male_40_49,男,40-49歳,0,2,-2,2
39000,高知県,male_50_59,男,50-59歳,0,0,0,0
39000,高知県,male_60_plus,男,60歳以上,0,0,0,0
39000,高知県,male_unknown,男,不詳/その他,0,0,0,0
39000,高知県,female_total,女,総数,0,3,-3,3
39000,高知県,female_0_9,女,0-9歳,0,1,-1,1
39000,高知県,female_10_19,女,10-19歳,0,0,0,0
39000,高知県,female_20_29,女,20-29歳,0,0,0,0
39000,高知県,female_30_39,女,30-39歳,0,1,-1,1
39000,高知県,female_40_49,女,40-49歳,0,1,-1,1
39000,高知県,female_50_59,女,50-59歳,0,0,0,0
39000,高知県,female_60_plus,女,60歳以上,0,0,0,0
39000,高知県,female_unknown,女,不詳/その他,0,0,0,0
01215,美唄市,both_total,総数,総数,10,0,10,10
01215,美唄市,both_0_9,総数,0-9歳,0,0,0,0
01215,美唄市,both_10_19,総数,10-19歳,2,0,2,2
01215,美唄市,both_20_29,総数,20-29歳,3,0,3,3
01215,美唄市,both_30_39,総数,30-39歳,1,0,1,1
01215,美唄市,both_40_49,総数,40-49歳,1,0,1,1
01215,美唄市,both_50_59,総数,50-59歳,3,0,3,3
01215,美唄市,both_60_plus,総数,60歳以上,0,0,0,0
01215,美唄市,both_unknown,総数,不詳/その他,0,0,0,0
01215,美唄市,male_total,男,総数,8,0,8,8
01215,美唄市,male_0_9,男,0-9歳,0,0,0,0
01215,美唄市,male_10_19,男,10-19歳,2,0,2,2
01215,美唄市,male_20_29,男,20-29歳,2,0,2,2
01215,美唄市,male_30_39,男,30-39歳,1,0,1,1
01215,美唄市,male_40_49,男,40-49歳,0,0,0,0
01215,美唄市,male_50_59,男,50-59歳,3,0,3,3
01215,美唄市,male_60_plus,男,60歳以上,0,0,0,0
01215,美唄市,male_unknown,男,不詳/その他,0,0,0,0
01215,美唄市,female_total,女,総数,2,0,2,2
01215,美唄市,female_0_9,女,0-9歳,0,0,0,0
01215,美唄市,female_10_19,女,10-19歳,0,0,0,0
01215,美唄市,female_20_29,女,20-29歳,1,0,1,1
01215,美唄市,female_30_39,女,30-39歳,0,0,0,0
01215,美唄市,female_40_49,女,40-49歳,1,0,1,1
01215,美唄市,female_50_59,女,50-59歳,0,0,0,0
01215,美唄市,female_60_plus,女,60歳以上,0,0,0,0
01215,美唄市,female_unknown,女,不詳/その他,0,0,0,0
01222,三笠市,both_total,総数,総数,10,0,10,10
01222,三笠市,both_0_9,総数,0-9歳,1,0,1,1
01222,三笠市,both_10_19,総数,10-19歳,4,0,4,4
01222,三笠市,both_20_29,総数,20-29歳,2,0,2,2
01222,三笠市,both_30_39,総数,30-39歳,2,0,2,2
01222,三笠市,both_40_49,総数,40-49歳,1,0,1,1
01222,三笠市,both_50_59,総数,50-59歳,0,0,0,0
01222,三笠市,both_60_plus,総数,60歳以上,0,0,0,0
01222,三笠市,both_unknown,総数,不詳/その他,0,0,0,0
01222,三笠市,male_total,男,総数,5,0,5,5
01222,三笠市,male_0_9,男,0-9歳,0,0,0,0
01222,三笠市,male_10_19,男,10-19歳,2,0,2,2
01222,三笠市,male_20_29,男,20-29歳,1,0,1,1
01222,三笠市,male_30_39,男,30-39歳,1,0,1,1
01222,三笠市,male_40_49,男,40-49歳,1,0,1,1
01222,三笠市,male_50_59,男,50-59歳,0,0,0,0
01222,三笠市,male_60_plus,男,60歳以上,0,0,0,0
01222,三笠市,male_unknown,男,不詳/その他,0,0,0,0
01222,三笠市,female_total,女,総数,5,0,5,5
01222,三笠市,female_0_9,女,0-9歳,1,0,1,1
01222,三笠市,female_10_19,女,10-19歳,2,0,2,2
01222,三笠市,female_20_29,女,20-29歳,1,0,1,1
01222,三笠市,female_30_39,女,30-39歳,1,0,1,1
01222,三笠市,female_40_49,女,40-49歳,0,0,0,0
01222,三笠市,female_50_59,女,50-59歳,0,0,0,0
01222,三笠市,female_60_plus,女,60歳以上,0,0,0,0
01222,三笠市,female_unknown,女,不詳/その他,0,0,0,0
01226,砂川市,both_total,総数,総数,10,0,10,10
01226,砂川市,both_0_9,総数,0-9歳,2,0,2,2
01226,砂川市,both_10_19,総数,10-19歳,2,0,2,2
01226,砂川市,both_20_29,総数,20-29歳,2,0,2,2
01226,砂川市,both_30_39,総数,30-39歳,2,0,2,2
01226,砂川市,both_40_49,総数,40-49歳,2,0,2,2
01226,砂川市,both_50_59,総数,50-59歳,0,0,0,0
01226,砂川市,both_60_plus,総数,60歳以上,0,0,0,0
01226,砂川市,both_unknown,総数,不詳/その他,0,0,0,0
01226,砂川市,male_total,男,総数,6,0,6,6
01226,砂川市,male_0_9,男,0-9歳,2,0,2,2
01226,砂川市,male_10_19,男,10-19歳,2,0,2,2
01226,砂川市,male_20_29,男,20-29歳,0,0,0,0
01226,砂川市,male_30_39,男,30-39歳,1,0,1,1
01226,砂川市,male_40_49,男,40-49歳,1,0,1,1
01226,砂川市,male_50_59,男,50-59歳,0,0,0,0
01226,砂川市,male_60_plus,男,60歳以上,0,0,0,0
01226,砂川市,male_unknown,男,不詳/その他,0,0,0,0
01226,砂川市,female_total,女,総数,4,0,4,4
01226,砂川市,female_0_9,女,0-9歳,0,0,0,0
01226,砂川市,female_10_19,女,10-19歳,0,0,0,0
01226,砂川市,female_20_29,女,20-29歳,2,0,2,2
01226,砂川市,female_30_39,女,30-39歳,1,0,1,1
01226,砂川市,female_40_49,女,40-49歳,1,0,1,1
01226,砂川市,female_50_59,女,50-59歳,0,0,0,0
01226,砂川市,female_60_plus,女,60歳以上,0,0,0,0
01226,砂川市,female_unknown,女,不詳/その他,0,0,0,0
01229,富良野市,both_total,総数,総数,0,10,-10,10
01229,富良野市,both_0_9,総数,0-9歳,0,2,-2,2
01229,富良野市,both_10_19,総数,10-19歳,0,1,-1,1
01229,富良野市,both_20_29,総数,20-29歳,0,5,-5,5
01229,富良野市,both_30_39,総数,30-39歳,0,1,-1,1
01229,富良野市,both_40_49,総数,40-49歳,0,1,-1,1
01229,富良野市,both_50_59,総数,50-59歳,0,0,0,0
01229,富良野市,both_60_plus,総数,60歳以上,0,0,0,0
01229,富良野市,both_unknown,総数,不詳/その他,0,0,0,0
01229,富良野市,male_total,男,総数,0,3,-3,3
01229,富良野市,male_0_9,男,0-9歳,0,1,-1,1
01229,富良野市,male_10_19,男,10-19歳,0,0,0,0
01229,富良野市,male_20_29,男,20-29歳,0,2,-2,2
01229,富良野市,male_30_39,男,30-39歳,0,0,0,0
01229,富良野市,male_40_49,男,40-49歳,0,0,0,0
01229,富良野市,male_50_59,男,50-59歳,0,0,0,0
01229,富良野市,male_60_plus,男,60歳以上,0,0,0,0
01229,富良野市,male_unknown,男,不詳/その他,0,0,0,0
01229,富良野市,female_total,女,総数,0,7,-7,7
01229,富良野市,female_0_9,女,0-9歳,0,1,-1,1
01229,富良野市,female_10_19,女,10-19歳,0,1,-1,1
01229,富良野市,female_20_29,女,20-29歳,0,3,-3,3
01229,富良野市,female_30_39,女,30-39歳,0,1,-1,1
01229,富良野市,female_40_49,女,40-49歳,0,1,-1,1
01229,富良野市,female_50_59,女,50-59歳,0,0,0,0
01229,富良野市,female_60_plus,女,60歳以上,0,0,0,0
01229,富良野市,female_unknown,女,不詳/その他,0,0,0,0
01427,由仁町,both_total,総数,総数,10,0,10,10
01427,由仁町,both_0_9,総数,0-9歳,0,0,0,0
01427,由仁町,both_10_19,総数,10-19歳,0,0,0,0
01427,由仁町,both_20_29,総数,20-29歳,2,0,2,2
01427,由仁町,both_30_39,総数,30-39歳,2,0,2,2
01427,由仁町,both_40_49,総数,40-49歳,1,0,1,1
01427,由仁町,both_50_59,総数,50-59歳,0,0,0,0
01427,由仁町,both_60_plus,総数,60歳以上,3,0,3,3
01427,由仁町,both_unknown,総数,不詳/その他,2,0,2,2
01427,由仁町,male_total,男,総数,4,0,4,4
01427,由仁町,male_0_9,男,0-9歳,0,0,0,0
01427,由仁町,male_10_19,男,10-19歳,0,0,0,0
01427,由仁町,male_20_29,男,20-29歳,0,0,0,0
01427,由仁町,male_30_39,男,30-39歳,1,0,1,1
01427,由仁町,male_40_49,男,40-49歳,0,0,0,0
01427,由仁町,male_50_59,男,50-59歳,0,0,0,0
01427,由仁町,male_60_plus,男,60歳以上,1,0,1,1
01427,由仁町,male_unknown,男,不詳/その他,2,0,2,2
01427,由仁町,female_total,女,総数,6,0,6,6
01427,由仁町,female_0_9,女,0-9歳,0,0,0,0
01427,由仁町,female_10_19,女,10-19歳,0,0,0,0
01427,由仁町,female_20_29,女,20-29歳,2,0,2,2
01427,由仁町,female_30_39,女,30-39歳,1,0,1,1
01427,由仁町,female_40_49,女,40-49歳,1,0,1,1
01427,由仁町,female_50_59,女,50-59歳,0,0,0,0
01427,由仁町,female_60_plus,女,60歳以上,2,0,2,2
01427,由仁町,female_unknown,女,不詳/その他,0,0,0,0
01661,釧路町,both_total,総数,総数,0,10,-10,10
01661,釧路町,both_0_9,総数,0-9歳,0,0,0,0
01661,釧路町,both_10_19,総数,10-19歳,0,2,-2,2
01661,釧路町,both_20_29,総数,20-29歳,0,5,-5,5
01661,釧路町,both_30_39,総数,30-39歳,0,1,-1,1
01661,釧路町,both_40_49,総数,40-49歳,0,0,0,0
01661,釧路町,both_50_59,総数,50-59歳,0,2,-2,2
01661,釧路町,both_60_plus,総数,60歳以上,0,0,0,0
01661,釧路町,both_unknown,総数,不詳/その他,0,0,0,0
01661,釧路町,male_total,男,総数,0,8,-8,8
01661,釧路町,male_0_9,男,0-9歳,0,0,0,0
01661,釧路町,male_10_19,男,10-19歳,0,2,-2,2
01661,釧路町,male_20_29,男,20-29歳,0,4,-4,4
01661,釧路町,male_30_39,男,30-39歳,0,1,-1,1
01661,釧路町,male_40_49,男,40-49歳,0,0,0,0
01661,釧路町,male_50_59,男,50-59歳,0,1,-1,1
01661,釧路町,male_60_plus,男,60歳以上,0,0,0,0
01661,釧路町,male_unknown,男,不詳/その他,0,0,0,0
01661,釧路町,female_total,女,総数,0,2,-2,2
01661,釧路町,female_0_9,女,0-9歳,0,0,0,0
01661,釧路町,female_10_19,女,10-19歳,0,0,0,0
01661,釧路町,female_20_29,女,20-29歳,0,1,-1,1
01661,釧路町,female_30_39,女,30-39歳,0,0,0,0
01661,釧路町,female_40_49,女,40-49歳,0,0,0,0
01661,釧路町,female_50_59,女,50-59歳,0,1,-1,1
01661,釧路町,female_60_plus,女,60歳以上,0,0,0,0
01661,釧路町,female_unknown,女,不詳/その他,0,0,0,0
16000,富山県,both_total,総数,総数,10,0,10,10
16000,富山県,both_0_9,総数,0-9歳,0,0,0,0
16000,富山県,both_10_19,総数,10-19歳,1,0,1,1
16000,富山県,both_20_29,総数,20-29歳,3,0,3,3
16000,富山県,both_30_39,総数,30-39歳,2,0,2,2
16000,富山県,both_40_49,総数,40-49歳,3,0,3,3
16000,富山県,both_50_59,総数,50-59歳,0,0,0,0
16000,富山県,both_60_plus,総数,60歳以上,1,0,1,1
16000,富山県,both_unknown,総数,不詳/その他,0,0,0,0
16000,富山県,male_total,男,総数,6,0,6,6
16000,富山県,male_0_9,男,0-9歳,0,0,0,0
16000,富山県,male_10_19,男,10-19歳,0,0,0,0
16000,富山県,male_20_29,男,20-29歳,2,0,2,2
16000,富山県,male_30_39,男,30-39歳,2,0,2,2
16000,富山県,male_40_49,男,40-49歳,2,0,2,2
16000,富山県,male_50_59,男,50-59歳,0,0,0,0
16000,富山県,male_60_plus,男,60歳以上,0,0,0,0
16000,富山県,male_unknown,男,不詳/その他,0,0,0,0
16000,富山県,female_total,女,総数,4,0,4,4
16000,富山県,female_0_9,女,0-9歳,0,0,0,0
16000,富山県,female_10_19,女,10-19歳,1,0,1,1
16000,富山県,female_20_29,女,20-29歳,1,0,1,1
16000,富山県,female_30_39,女,30-39歳,0,0,0,0
16000,富山県,female_40_49,女,40-49歳,1,0,1,1
16000,富山県,female_50_59,女,50-59歳,0,0,0,0
16000,富山県,female_60_plus,女,60歳以上,1,0,1,1
16000,富山県,female_unknown,女,不詳/その他,0,0,0,0
01206,釧路市,both_total,総数,総数,70,61,9,9
01206,釧路市,both_0_9,総数,0-9歳,6,5,1,1
01206,釧路市,both_10_19,総数,10-19歳,3,7,-4,4
01206,釧路市,both_20_29,総数,20-29歳,22,17,5,5
01206,釧路市,both_30_39,総数,30-39歳,12,6,6,6
01206,釧路市,both_40_49,総数,40-49歳,12,8,4,4
01206,釧路市,both_50_59,総数,50-59歳,11,9,2,2
01206,釧路市,both_60_plus,総数,60歳以上,4,9,-5,5
01206,釧路市,both_unknown,総数,不詳/その他,0,0,0,0
01206,釧路市,male_total,男,総数,37,43,-6,6
01206,釧路市,male_0_9,男,0-9歳,5,3,2,2
01206,釧路市,male_10_19,男,10-19歳,1,5,-4,4
01206,釧路市,male_20_29,男,20-29歳,11,12,-1,1
01206,釧路市,male_30_39,男,30-39歳,4,6,-2,2
01206,釧路市,male_40_49,男,40-49歳,7,4,3,3
01206,釧路市,male_50_59,男,50-59歳,8,8,0,0
01206,釧路市,male_60_plus,男,60歳以上,1,5,-4,4
01206,釧路市,male_unknown,男,不詳/その他,0,0,0,0
01206,釧路市,female_total,女,総数,33,18,15,15
01206,釧路市,female_0_9,女,0-9歳,1,2,-1,1
01206,釧路市,female_10_19,女,10-19歳,2,2,0,0
01206,釧路市,female_20_29,女,20-29歳,11,5,6,6
01206,釧路市,female_30_39,女,30-39歳,8,0,8,8
01206,釧路市,female_40_49,女,40-49歳,5,4,1,1
01206,釧路市,female_50_59,女,50-59歳,3,1,2,2
01206,釧路市,female_60_plus,女,60歳以上,3,4,-1,1
01206,釧路市,female_unknown,女,不詳/その他,0,0,0,0
01235,石狩市,both_total,総数,総数,25,16,9,9
01235,石狩市,both_0_9,総数,0-9歳,1,0,1,1
01235,石狩市,both_10_19,総数,10-19歳,4,1,3,3
01235,石狩市,both_20_29,総数,20-29歳,12,5,7,7
01235,石狩市,both_30_39,総数,30-39歳,2,3,-1,1
01235,石狩市,both_40_49,総数,40-49歳,0,3,-3,3
01235,石狩市,both_50_59,総数,50-59歳,6,3,3,3
01235,石狩市,both_60_plus,総数,60歳以上,0,1,-1,1
01235,石狩市,both_unknown,総数,不詳/その他,0,0,0,0
01235,石狩市,male_total,男,総数,17,7,10,10
01235,石狩市,male_0_9,男,0-9歳,1,0,1,1
01235,石狩市,male_10_19,男,10-19歳,3,0,3,3
01235,石狩市,male_20_29,男,20-29歳,8,3,5,5
01235,石狩市,male_30_39,男,30-39歳,2,1,1,1
01235,石狩市,male_40_49,男,40-49歳,0,1,-1,1
01235,石狩市,male_50_59,男,50-59歳,3,2,1,1
01235,石狩市,male_60_plus,男,60歳以上,0,0,0,0
01235,石狩市,male_unknown,男,不詳/その他,0,0,0,0
01235,石狩市,female_total,女,総数,8,9,-1,1
01235,石狩市,female_0_9,女,0-9歳,0,0,0,0
01235,石狩市,female_10_19,女,10-19歳,1,1,0,0
01235,石狩市,female_20_29,女,20-29歳,4,2,2,2
01235,石狩市,female_30_39,女,30-39歳,0,2,-2,2
01235,石狩市,female_40_49,女,40-49歳,0,2,-2,2
01235,石狩市,female_50_59,女,50-59歳,3,1,2,2
01235,石狩市,female_60_plus,女,60歳以上,0,1,-1,1
01235,石狩市,female_unknown,女,不詳/その他,0,0,0,0
01400,倶知安町,both_total,総数,総数,26,17,9,9
01400,倶知安町,both_0_9,総数,0-9歳,1,2,-1,1
01400,倶知安町,both_10_19,総数,10-19歳,3,1,2,2
01400,倶知安町,both_20_29,総数,20-29歳,8,8,0,0
01400,倶知安町,both_30_39,総数,30-39歳,7,1,6,6
01400,倶知安町,both_40_49,総数,40-49歳,4,2,2,2
01400,倶知安町,both_50_59,総数,50-59歳,2,3,-1,1
01400,倶知安町,both_60_plus,総数,60歳以上,1,0,1,1
01400,倶知安町,both_unknown,総数,不詳/その他,0,0,0,0
01400,倶知安町,male_total,男,総数,14,10,4,4
01400,倶知安町,male_0_9,男,0-9歳,1,1,0,0
01400,倶知安町,male_10_19,男,10-19歳,3,1,2,2
01400,倶知安町,male_20_29,男,20-29歳,4,4,0,0
01400,倶知安町,male_30_39,男,30-39歳,3,1,2,2
01400,倶知安町,male_40_49,男,40-49歳,2,0,2,2
01400,倶知安町,male_50_59,男,50-59歳,1,3,-2,2
01400,倶知安町,male_60_plus,男,60歳以上,0,0,0,0
01400,倶知安町,male_unknown,男,不詳/その他,0,0,0,0
01400,倶知安町,female_total,女,総数,12,7,5,5
01400,倶知安町,female_0_9,女,0-9歳,0,1,-1,1
01400,倶知安町,female_10_19,女,10-19歳,0,0,0,0
01400,倶知安町,female_20_29,女,20-29歳,4,4,0,0
01400,倶知安町,female_30_39,女,30-39歳,4,0,4,4
01400,倶知安町,female_40_49,女,40-49歳,2,2,0,0
01400,倶知安町,female_50_59,女,50-59歳,1,0,1,1
01400,倶知安町,female_60_plus,女,60歳以上,1,0,1,1
01400,倶知安町,female_unknown,女,不詳/その他,0,0,0,0
12000,千葉県,both_total,総数,総数,182,191,-9,9
12000,千葉県,both_0_9,総数,0-9歳,16,22,-6,6
12000,千葉県,both_10_19,総数,10-19歳,9,12,-3,3
12000,千葉県,both_20_29,総数,20-29歳,64,74,-10,10
12000,千葉県,both_30_39,総数,30-39歳,35,36,-1,1
12000,千葉県,both_40_49,総数,40-49歳,20,22,-2,2
12000,千葉県,both_50_59,総数,50-59歳,26,12,14,14
12000,千葉県,both_60_plus,総数,60歳以上,12,13,-1,1
12000,千葉県,both_unknown,総数,不詳/その他,0,0,0,0
12000,千葉県,male_total,男,総数,118,110,8,8
12000,千葉県,male_0_9,男,0-9歳,9,10,-1,1
12000,千葉県,male_10_19,男,10-19歳,5,7,-2,2
12000,千葉県,male_20_29,男,20-29歳,44,45,-1,1
12000,千葉県,male_30_39,男,30-39歳,19,17,2,2
12000,千葉県,male_40_49,男,40-49歳,17,15,2,2
12000,千葉県,male_50_59,男,50-59歳,17,8,9,9
12000,千葉県,male_60_plus,男,60歳以上,7,8,-1,1
12000,千葉県,male_unknown,男,不詳/その他,0,0,0,0
12000,千葉県,female_total,女,総数,64,81,-17,17
12000,千葉県,female_0_9,女,0-9歳,7,12,-5,5
12000,千葉県,female_10_19,女,10-19歳,4,5,-1,1
12000,千葉県,female_20_29,女,20-29歳,20,29,-9,9
12000,千葉県,female_30_39,女,30-39歳,16,19,-3,3
12000,千葉県,female_40_49,女,40-49歳,3,7,-4,4
12000,千葉県,female_50_59,女,50-59歳,9,4,5,5
12000,千葉県,female_60_plus,女,60歳以上,5,5,0,0
12000,千葉県,female_unknown,女,不詳/その他,0,0,0,0
29000,奈良県,both_total,総数,総数,26,17,9,9
29000,奈良県,both_0_9,総数,0-9歳,2,2,0,0
29000,奈良県,both_10_19,総数,10-19歳,2,2,0,0
29000,奈良県,both_20_29,総数,20-29歳,13,3,10,10
29000,奈良県,both_30_39,総数,30-39歳,2,6,-4,4
29000,奈良県,both_40_49,総数,40-49歳,2,2,0,0
29000,奈良県,both_50_59,総数,50-59歳,3,1,2,2
29000,奈良県,both_60_plus,総数,60歳以上,2,1,1,1
29000,奈良県,both_unknown,総数,不詳/その他,0,0,0,0
29000,奈良県,male_total,男,総数,14,10,4,4
29000,奈良県,male_0_9,男,0-9歳,0,2,-2,2
29000,奈良県,male_10_19,男,10-19歳,2,0,2,2
29000,奈良県,male_20_29,男,20-29歳,7,1,6,6
29000,奈良県,male_30_39,男,30-39歳,1,5,-4,4
29000,奈良県,male_40_49,男,40-49歳,1,1,0,0
29000,奈良県,male_50_59,男,50-59歳,2,1,1,1
29000,奈良県,male_60_plus,男,60歳以上,1,0,1,1
29000,奈良県,male_unknown,男,不詳/その他,0,0,0,0
29000,奈良県,female_total,女,総数,12,7,5,5
29000,奈良県,female_0_9,女,0-9歳,2,0,2,2
29000,奈良県,female_10_19,女,10-19歳,0,2,-2,2
29000,奈良県,female_20_29,女,20-29歳,6,2,4,4
29000,奈良県,female_30_39,女,30-39歳,1,1,0,0
29000,奈良県,female_40_49,女,40-49歳,1,1,0,0
29000,奈良県,female_50_59,女,50-59歳,1,0,1,1
29000,奈良県,female_60_plus,女,60歳以上,1,1,0,0
29000,奈良県,female_unknown,女,不詳/その他,0,0,0,0
01225,滝川市,both_total,総数,総数,31,23,8,8
01225,滝川市,both_0_9,総数,0-9歳,0,4,-4,4
01225,滝川市,both_10_19,総数,10-19歳,3,5,-2,2
01225,滝川市,both_20_29,総数,20-29歳,10,6,4,4
01225,滝川市,both_30_39,総数,30-39歳,4,5,-1,1
01225,滝川市,both_40_49,総数,40-49歳,2,1,1,1
01225,滝川市,both_50_59,総数,50-59歳,6,2,4,4
01225,滝川市,both_60_plus,総数,60歳以上,6,0,6,6
01225,滝川市,both_unknown,総数,不詳/その他,0,0,0,0
01225,滝川市,male_total,男,総数,18,15,3,3
01225,滝川市,male_0_9,男,0-9歳,0,2,-2,2
01225,滝川市,male_10_19,男,10-19歳,3,5,-2,2
01225,滝川市,male_20_29,男,20-29歳,5,3,2,2
01225,滝川市,male_30_39,男,30-39歳,4,3,1,1
01225,滝川市,male_40_49,男,40-49歳,1,1,0,0
01225,滝川市,male_50_59,男,50-59歳,3,1,2,2
01225,滝川市,male_60_plus,男,60歳以上,2,0,2,2
01225,滝川市,male_unknown,男,不詳/その他,0,0,0,0
01225,滝川市,female_total,女,総数,13,8,5,5
01225,滝川市,female_0_9,女,0-9歳,0,2,-2,2
01225,滝川市,female_10_19,女,10-19歳,0,0,0,0
01225,滝川市,female_20_29,女,20-29歳,5,3,2,2
01225,滝川市,female_30_39,女,30-39歳,0,2,-2,2
01225,滝川市,female_40_49,女,40-49歳,1,0,1,1
01225,滝川市,female_50_59,女,50-59歳,3,1,2,2
01225,滝川市,female_60_plus,女,60歳以上,4,0,4,4
01225,滝川市,female_unknown,女,不詳/その他,0,0,0,0
07000,福島県,both_total,総数,総数,34,26,8,8
07000,福島県,both_0_9,総数,0-9歳,3,5,-2,2
07000,福島県,both_10_19,総数,10-19歳,1,1,0,0
07000,福島県,both_20_29,総数,20-29歳,11,6,5,5
07000,福島県,both_30_39,総数,30-39歳,9,7,2,2
07000,福島県,both_40_49,総数,40-49歳,3,6,-3,3
07000,福島県,both_50_59,総数,50-59歳,4,1,3,3
07000,福島県,both_60_plus,総数,60歳以上,3,0,3,3
07000,福島県,both_unknown,総数,不詳/その他,0,0,0,0
07000,福島県,male_total,男,総数,19,16,3,3
07000,福島県,male_0_9,男,0-9歳,0,2,-2,2
07000,福島県,male_10_19,男,10-19歳,0,1,-1,1
07000,福島県,male_20_29,男,20-29歳,6,4,2,2
07000,福島県,male_30_39,男,30-39歳,6,3,3,3
07000,福島県,male_40_49,男,40-49歳,2,5,-3,3
07000,福島県,male_50_59,男,50-59歳,3,1,2,2
07000,福島県,male_60_plus,男,60歳以上,2,0,2,2
07000,福島県,male_unknown,男,不詳/その他,0,0,0,0
07000,福島県,female_total,女,総数,15,10,5,5
07000,福島県,female_0_9,女,0-9歳,3,3,0,0
07000,福島県,female_10_19,女,10-19歳,1,0,1,1
07000,福島県,female_20_29,女,20-29歳,5,2,3,3
07000,福島県,female_30_39,女,30-39歳,3,4,-1,1
07000,福島県,female_40_49,女,40-49歳,1,1,0,0
07000,福島県,female_50_59,女,50-59歳,1,0,1,1
07000,福島県,female_60_plus,女,60歳以上,1,0,1,1
07000,福島県,female_unknown,女,不詳/その他,0,0,0,0
09000,栃木県,both_total,総数,総数,19,27,-8,8
09000,栃木県,both_0_9,総数,0-9歳,0,1,-1,1
09000,栃木県,both_10_19,総数,10-19歳,0,3,-3,3
09000,栃木県,both_20_29,総数,20-29歳,10,13,-3,3
09000,栃木県,both_30_39,総数,30-39歳,4,4,0,0
09000,栃木県,both_40_49,総数,40-49歳,0,2,-2,2
09000,栃木県,both_50_59,総数,50-59歳,2,3,-1,1
09000,栃木県,both_60_plus,総数,60歳以上,3,1,2,2
09000,栃木県,both_unknown,総数,不詳/その他,0,0,0,0
09000,栃木県,male_total,男,総数,10,17,-7,7
09000,栃木県,male_0_9,男,0-9歳,0,0,0,0
09000,栃木県,male_10_19,男,10-19歳,0,2,-2,2
09000,栃木県,male_20_29,男,20-29歳,4,8,-4,4
09000,栃木県,male_30_39,男,30-39歳,2,2,0,0
09000,栃木県,male_40_49,男,40-49歳,0,2,-2,2
09000,栃木県,male_50_59,男,50-59歳,2,3,-1,1
09000,栃木県,male_60_plus,男,60歳以上,2,0,2,2
09000,栃木県,male_unknown,男,不詳/その他,0,0,0,0
09000,栃木県,female_total,女,総数,9,10,-1,1
09000,栃木県,female_0_9,女,0-9歳,0,1,-1,1
09000,栃木県,female_10_19,女,10-19歳,0,1,-1,1
09000,栃木県,female_20_29,女,20-29歳,6,5,1,1
09000,栃木県,female_30_39,女,30-39歳,2,2,0,0
09000,栃木県,female_40_49,女,40-49歳,0,0,0,0
09000,栃木県,female_50_59,女,50-59歳,0,0,0,0
09000,栃木県,female_60_plus,女,60歳以上,1,1,0,0
09000,栃木県,female_unknown,女,不詳/その他,0,0,0,0
17000,石川県,both_total,総数,総数,42,34,8,8
17000,石川県,both_0_9,総数,0-9歳,3,3,0,0
17000,石川県,both_10_19,総数,10-19歳,5,5,0,0
17000,石川県,both_20_29,総数,20-29歳,16,13,3,3
17000,石川県,both_30_39,総数,30-39歳,10,7,3,3
17000,石川県,both_40_49,総数,40-49歳,3,1,2,2
17000,石川県,both_50_59,総数,50-59歳,3,5,-2,2
17000,石川県,both_60_plus,総数,60歳以上,2,0,2,2
17000,石川県,both_unknown,総数,不詳/その他,0,0,0,0
17000,石川県,male_total,男,総数,26,22,4,4
17000,石川県,male_0_9,男,0-9歳,1,0,1,1
17000,石川県,male_10_19,男,10-19歳,3,4,-1,1
17000,石川県,male_20_29,男,20-29歳,10,10,0,0
17000,石川県,male_30_39,男,30-39歳,7,4,3,3
17000,石川県,male_40_49,男,40-49歳,2,1,1,1
17000,石川県,male_50_59,男,50-59歳,2,3,-1,1
17000,石川県,male_60_plus,男,60歳以上,1,0,1,1
17000,石川県,male_unknown,男,不詳/その他,0,0,0,0
17000,石川県,female_total,女,総数,16,12,4,4
17000,石川県,female_0_9,女,0-9歳,2,3,-1,1
17000,石川県,female_10_19,女,10-19歳,2,1,1,1
17000,石川県,female_20_29,女,20-29歳,6,3,3,3
17000,石川県,female_30_39,女,30-39歳,3,3,0,0
17000,石川県,female_40_49,女,40-49歳,1,0,1,1
17000,石川県,female_50_59,女,50-59歳,1,2,-1,1
17000,石川県,female_60_plus,女,60歳以上,1,0,1,1
17000,石川県,female_unknown,女,不詳/その他,0,0,0,0
34000,広島県,both_total,総数,総数,26,18,8,8
34000,広島県,both_0_9,総数,0-9歳,0,2,-2,2
34000,広島県,both_10_19,総数,10-19歳,1,1,0,0
34000,広島県,both_20_29,総数,20-29歳,8,7,1,1
34000,広島県,both_30_39,総数,30-39歳,7,5,2,2
34000,広島県,both_40_49,総数,40-49歳,5,1,4,4
34000,広島県,both_50_59,総数,50-59歳,3,1,2,2
34000,広島県,both_60_plus,総数,60歳以上,2,1,1,1
34000,広島県,both_unknown,総数,不詳/その他,0,0,0,0
34000,広島県,male_total,男,総数,20,5,15,15
34000,広島県,male_0_9,男,0-9歳,0,0,0,0
34000,広島県,male_10_19,男,10-19歳,1,0,1,1
34000,広島県,male_20_29,男,20-29歳,3,3,0,0
34000,広島県,male_30_39,男,30-39歳,6,2,4,4
34000,広島県,male_40_49,男,40-49歳,5,0,5,5
34000,広島県,male_50_59,男,50-59歳,3,0,3,3
34000,広島県,male_60_plus,男,60歳以上,2,0,2,2
34000,広島県,male_unknown,男,不詳/その他,0,0,0,0
34000,広島県,female_total,女,総数,6,13,-7,7
34000,広島県,female_0_9,女,0-9歳,0,2,-2,2
34000,広島県,female_10_19,女,10-19歳,0,1,-1,1
34000,広島県,female_20_29,女,20-29歳,5,4,1,1
34000,広島県,female_30_39,女,30-39歳,1,3,-2,2
34000,広島県,female_40_49,女,40-49歳,0,1,-1,1
34000,広島県,female_50_59,女,50-59歳,0,1,-1,1
34000,広島県,female_60_plus,女,60歳以上,0,1,-1,1
34000,広島県,female_unknown,女,不詳/その他,0,0,0,0
04000,宮城県,both_total,総数,総数,92,85,7,7
04000,宮城県,both_0_9,総数,0-9歳,7,14,-7,7
04000,宮城県,both_10_19,総数,10-19歳,7,2,5,5
04000,宮城県,both_20_29,総数,20-29歳,33,20,13,13
04000,宮城県,both_30_39,総数,30-39歳,17,20,-3,3
04000,宮城県,both_40_49,総数,40-49歳,15,22,-7,7
04000,宮城県,both_50_59,総数,50-59歳,12,7,5,5
04000,宮城県,both_60_plus,総数,60歳以上,1,0,1,1
04000,宮城県,both_unknown,総数,不詳/その他,0,0,0,0
04000,宮城県,male_total,男,総数,64,49,15,15
04000,宮城県,male_0_9,男,0-9歳,4,7,-3,3
04000,宮城県,male_10_19,男,10-19歳,3,1,2,2
04000,宮城県,male_20_29,男,20-29歳,24,10,14,14
04000,宮城県,male_30_39,男,30-39歳,12,10,2,2
04000,宮城県,male_40_49,男,40-49歳,11,16,-5,5
04000,宮城県,male_50_59,男,50-59歳,9,5,4,4
04000,宮城県,male_60_plus,男,60歳以上,1,0,1,1
04000,宮城県,male_unknown,男,不詳/その他,0,0,0,0
04000,宮城県,female_total,女,総数,28,36,-8,8
04000,宮城県,female_0_9,女,0-9歳,3,7,-4,4
04000,宮城県,female_10_19,女,10-19歳,4,1,3,3
04000,宮城県,female_20_29,女,20-29歳,9,10,-1,1
04000,宮城県,female_30_39,女,30-39歳,5,10,-5,5
04000,宮城県,female_40_49,女,40-49歳,4,6,-2,2
04000,宮城県,female_50_59,女,50-59歳,3,2,1,1
04000,宮城県,female_60_plus,女,60歳以上,0,0,0,0
04000,宮城県,female_unknown,女,不詳/その他,0,0,0,0
28000,兵庫県,both_total,総数,総数,69,62,7,7
28000,兵庫県,both_0_9,総数,0-9歳,5,5,0,0
28000,兵庫県,both_10_19,総数,10-19歳,11,5,6,6
28000,兵庫県,both_20_29,総数,20-29歳,21,18,3,3
28000,兵庫県,both_30_39,総数,30-39歳,12,15,-3,3
28000,兵庫県,both_40_49,総数,40-49歳,9,11,-2,2
28000,兵庫県,both_50_59,総数,50-59歳,9,4,5,5
28000,兵庫県,both_60_plus,総数,60歳以上,2,4,-2,2
28000,兵庫県,both_unknown,総数,不詳/その他,0,0,0,0
28000,兵庫県,male_total,男,総数,38,41,-3,3
28000,兵庫県,male_0_9,男,0-9歳,2,3,-1,1
28000,兵庫県,male_10_19,男,10-19歳,7,3,4,4
28000,兵庫県,male_20_29,男,20-29歳,11,11,0,0
28000,兵庫県,male_30_39,男,30-39歳,5,11,-6,6
28000,兵庫県,male_40_49,男,40-49歳,6,7,-1,1
28000,兵庫県,male_50_59,男,50-59歳,5,3,2,2
28000,兵庫県,male_60_plus,男,60歳以上,2,3,-1,1
28000,兵庫県,male_unknown,男,不詳/その他,0,0,0,0
28000,兵庫県,female_total,女,総数,31,21,10,10
28000,兵庫県,female_0_9,女,0-9歳,3,2,1,1
28000,兵庫県,female_10_19,女,10-19歳,4,2,2,2
28000,兵庫県,female_20_29,女,20-29歳,10,7,3,3
28000,兵庫県,female_30_39,女,30-39歳,7,4,3,3
28000,兵庫県,female_40_49,女,40-49歳,3,4,-1,1
28000,兵庫県,female_50_59,女,50-59歳,4,1,3,3
28000,兵庫県,female_60_plus,女,60歳以上,0,1,-1,1
28000,兵庫県,female_unknown,女,不詳/その他,0,0,0,0
01460,上富良野町,both_total,総数,総数,30,36,-6,6
01460,上富良野町,both_0_9,総数,0-9歳,0,2,-2,2
01460,上富良野町,both_10_19,総数,10-19歳,2,7,-5,5
01460,上富良野町,both_20_29,総数,20-29歳,21,21,0,0
01460,上富良野町,both_30_39,総数,30-39歳,5,4,1,1
01460,上富良野町,both_40_49,総数,40-49歳,2,1,1,1
01460,上富良野町,both_50_59,総数,50-59歳,0,1,-1,1
01460,上富良野町,both_60_plus,総数,60歳以上,0,0,0,0
01460,上富良野町,both_unknown,総数,不詳/その他,0,0,0,0
01460,上富良野町,male_total,男,総数,28,32,-4,4
01460,上富良野町,male_0_9,男,0-9歳,0,2,-2,2
01460,上富良野町,male_10_19,男,10-19歳,1,7,-6,6
01460,上富良野町,male_20_29,男,20-29歳,21,18,3,3
01460,上富良野町,male_30_39,男,30-39歳,4,3,1,1
01460,上富良野町,male_40_49,男,40-49歳,2,1,1,1
01460,上富良野町,male_50_59,男,50-59歳,0,1,-1,1
01460,上富良野町,male_60_plus,男,60歳以上,0,0,0,0
01460,上富良野町,male_unknown,男,不詳/その他,0,0,0,0
01460,上富良野町,female_total,女,総数,2,4,-2,2
01460,上富良野町,female_0_9,女,0-9歳,0,0,0,0
01460,上富良野町,female_10_19,女,10-19歳,1,0,1,1
01460,上富良野町,female_20_29,女,20-29歳,0,3,-3,3
01460,上富良野町,female_30_39,女,30-39歳,1,1,0,0
01460,上富良野町,female_40_49,女,40-49歳,0,0,0,0
01460,上富良野町,female_50_59,女,50-59歳,0,0,0,0
01460,上富良野町,female_60_plus,女,60歳以上,0,0,0,0
01460,上富良野町,female_unknown,女,不詳/その他,0,0,0,0
05000,秋田県,both_total,総数,総数,30,24,6,6
05000,秋田県,both_0_9,総数,0-9歳,4,2,2,2
05000,秋田県,both_10_19,総数,10-19歳,6,2,4,4
05000,秋田県,both_20_29,総数,20-29歳,9,7,2,2
05000,秋田県,both_30_39,総数,30-39歳,6,5,1,1
05000,秋田県,both_40_49,総数,40-49歳,4,7,-3,3
05000,秋田県,both_50_59,総数,50-59歳,0,1,-1,1
05000,秋田県,both_60_plus,総数,60歳以上,1,0,1,1
05000,秋田県,both_unknown,総数,不詳/その他,0,0,0,0
05000,秋田県,male_total,男,総数,11,11,0,0
05000,秋田県,male_0_9,男,0-9歳,3,1,2,2
05000,秋田県,male_10_19,男,10-19歳,1,1,0,0
05000,秋田県,male_20_29,男,20-29歳,1,0,1,1
05000,秋田県,male_30_39,男,30-39歳,3,4,-1,1
05000,秋田県,male_40_49,男,40-49歳,3,5,-2,2
05000,秋田県,male_50_59,男,50-59歳,0,0,0,0
05000,秋田県,male_60_plus,男,60歳以上,0,0,0,0
05000,秋田県,male_unknown,男,不詳/その他,0,0,0,0
05000,秋田県,female_total,女,総数,19,13,6,6
05000,秋田県,female_0_9,女,0-9歳,1,1,0,0
05000,秋田県,female_10_19,女,10-19歳,5,1,4,4
05000,秋田県,female_20_29,女,20-29歳,8,7,1,1
05000,秋田県,female_30_39,女,30-39歳,3,1,2,2
05000,秋田県,female_40_49,女,40-49歳,1,2,-1,1
05000,秋田県,female_50_59,女,50-59歳,0,1,-1,1
05000,秋田県,female_60_plus,女,60歳以上,1,0,1,1
05000,秋田県,female_unknown,女,不詳/その他,0,0,0,0
01223,根室市,both_total,総数,総数,19,14,5,5
01223,根室市,both_0_9,総数,0-9歳,2,2,0,0
01223,根室市,both_10_19,総数,10-19歳,0,0,0,0
01223,根室市,both_20_29,総数,20-29歳,5,7,-2,2
01223,根室市,both_30_39,総数,30-39歳,4,2,2,2
01223,根室市,both_40_49,総数,40-49歳,2,2,0,0
01223,根室市,both_50_59,総数,50-59歳,4,1,3,3
01223,根室市,both_60_plus,総数,60歳以上,2,0,2,2
01223,根室市,both_unknown,総数,不詳/その他,0,0,0,0
01223,根室市,male_total,男,総数,11,9,2,2
01223,根室市,male_0_9,男,0-9歳,0,1,-1,1
01223,根室市,male_10_19,男,10-19歳,0,0,0,0
01223,根室市,male_20_29,男,20-29歳,3,3,0,0
01223,根室市,male_30_39,男,30-39歳,3,2,1,1
01223,根室市,male_40_49,男,40-49歳,1,2,-1,1
01223,根室市,male_50_59,男,50-59歳,3,1,2,2
01223,根室市,male_60_plus,男,60歳以上,1,0,1,1
01223,根室市,male_unknown,男,不詳/その他,0,0,0,0
01223,根室市,female_total,女,総数,8,5,3,3
01223,根室市,female_0_9,女,0-9歳,2,1,1,1
01223,根室市,female_10_19,女,10-19歳,0,0,0,0
01223,根室市,female_20_29,女,20-29歳,2,4,-2,2
01223,根室市,female_30_39,女,30-39歳,1,0,1,1
01223,根室市,female_40_49,女,40-49歳,1,0,1,1
01223,根室市,female_50_59,女,50-59歳,1,0,1,1
01223,根室市,female_60_plus,女,60歳以上,1,0,1,1
01223,根室市,female_unknown,女,不詳/その他,0,0,0,0
45000,宮崎県,both_total,総数,総数,39,34,5,5
45000,宮崎県,both_0_9,総数,0-9歳,8,7,1,1
45000,宮崎県,both_10_19,総数,10-19歳,4,0,4,4
45000,宮崎県,both_20_29,総数,20-29歳,13,7,6,6
45000,宮崎県,both_30_39,総数,30-39歳,8,13,-5,5
45000,宮崎県,both_40_49,総数,40-49歳,3,4,-1,1
45000,宮崎県,both_50_59,総数,50-59歳,2,1,1,1
45000,宮崎県,both_60_plus,総数,60歳以上,1,2,-1,1
45000,宮崎県,both_unknown,総数,不詳/その他,0,0,0,0
45000,宮崎県,male_total,男,総数,29,19,10,10
45000,宮崎県,male_0_9,男,0-9歳,6,1,5,5
45000,宮崎県,male_10_19,男,10-19歳,3,0,3,3
45000,宮崎県,male_20_29,男,20-29歳,12,4,8,8
45000,宮崎県,male_30_39,男,30-39歳,5,9,-4,4
45000,宮崎県,male_40_49,男,40-49歳,1,3,-2,2
45000,宮崎県,male_50_59,男,50-59歳,1,1,0,0
45000,宮崎県,male_60_plus,男,60歳以上,1,1,0,0
45000,宮崎県,male_unknown,男,不詳/その他,0,0,0,0
45000,宮崎県,female_total,女,総数,10,15,-5,5
45000,宮崎県,female_0_9,女,0-9歳,2,6,-4,4
45000,宮崎県,female_10_19,女,10-19歳,1,0,1,1
45000,宮崎県,female_20_29,女,20-29歳,1,3,-2,2
45000,宮崎県,female_30_39,女,30-39歳,3,4,-1,1
45000,宮崎県,female_40_49,女,40-49歳,2,1,1,1
45000,宮崎県,female_50_59,女,50-59歳,1,0,1,1
45000,宮崎県,female_60_plus,女,60歳以上,0,1,-1,1
45000,宮崎県,female_unknown,女,不詳/その他,0,0,0,0
01586,むかわ町,both_total,総数,総数,15,11,4,4
01586,むかわ町,both_0_9,総数,0-9歳,0,0,0,0
01586,むかわ町,both_10_19,総数,10-19歳,3,2,1,1
01586,むかわ町,both_20_29,総数,20-29歳,2,4,-2,2
01586,むかわ町,both_30_39,総数,30-39歳,2,2,0,0
01586,むかわ町,both_40_49,総数,40-49歳,3,3,0,0
01586,むかわ町,both_50_59,総数,50-59歳,3,0,3,3
01586,むかわ町,both_60_plus,総数,60歳以上,2,0,2,2
01586,むかわ町,both_unknown,総数,不詳/その他,0,0,0,0
01586,むかわ町,male_total,男,総数,8,7,1,1
01586,むかわ町,male_0_9,男,0-9歳,0,0,0,0
01586,むかわ町,male_10_19,男,10-19歳,0,1,-1,1
01586,むかわ町,male_20_29,男,20-29歳,1,2,-1,1
01586,むかわ町,male_30_39,男,30-39歳,2,2,0,0
01586,むかわ町,male_40_49,男,40-49歳,2,2,0,0
01586,むかわ町,male_50_59,男,50-59歳,2,0,2,2
01586,むかわ町,male_60_plus,男,60歳以上,1,0,1,1
01586,むかわ町,male_unknown,男,不詳/その他,0,0,0,0
01586,むかわ町,female_total,女,総数,7,4,3,3
01586,むかわ町,female_0_9,女,0-9歳,0,0,0,0
01586,むかわ町,female_10_19,女,10-19歳,3,1,2,2
01586,むかわ町,female_20_29,女,20-29歳,1,2,-1,1
01586,むかわ町,female_30_39,女,30-39歳,0,0,0,0
01586,むかわ町,female_40_49,女,40-49歳,1,1,0,0
01586,むかわ町,female_50_59,女,50-59歳,1,0,1,1
01586,むかわ町,female_60_plus,女,60歳以上,1,0,1,1
01586,むかわ町,female_unknown,女,不詳/その他,0,0,0,0
01607,浦河町,both_total,総数,総数,15,19,-4,4
01607,浦河町,both_0_9,総数,0-9歳,1,3,-2,2
01607,浦河町,both_10_19,総数,10-19歳,1,1,0,0
01607,浦河町,both_20_29,総数,20-29歳,3,8,-5,5
01607,浦河町,both_30_39,総数,30-39歳,5,2,3,3
01607,浦河町,both_40_49,総数,40-49歳,2,1,1,1
01607,浦河町,both_50_59,総数,50-59歳,2,4,-2,2
01607,浦河町,both_60_plus,総数,60歳以上,1,0,1,1
01607,浦河町,both_unknown,総数,不詳/その他,0,0,0,0
01607,浦河町,male_total,男,総数,8,12,-4,4
01607,浦河町,male_0_9,男,0-9歳,0,0,0,0
01607,浦河町,male_10_19,男,10-19歳,1,1,0,0
01607,浦河町,male_20_29,男,20-29歳,1,7,-6,6
01607,浦河町,male_30_39,男,30-39歳,4,1,3,3
01607,浦河町,male_40_49,男,40-49歳,1,0,1,1
01607,浦河町,male_50_59,男,50-59歳,1,3,-2,2
01607,浦河町,male_60_plus,男,60歳以上,0,0,0,0
01607,浦河町,male_unknown,男,不詳/その他,0,0,0,0
01607,浦河町,female_total,女,総数,7,7,0,0
01607,浦河町,female_0_9,女,0-9歳,1,3,-2,2
01607,浦河町,female_10_19,女,10-19歳,0,0,0,0
01607,浦河町,female_20_29,女,20-29歳,2,1,1,1
01607,浦河町,female_30_39,女,30-39歳,1,1,0,0
01607,浦河町,female_40_49,女,40-49歳,1,1,0,0
01607,浦河町,female_50_59,女,50-59歳,1,1,0,0
01607,浦河町,female_60_plus,女,60歳以上,1,0,1,1
01607,浦河町,female_unknown,女,不詳/その他,0,0,0,0
06000,山形県,both_total,総数,総数,21,25,-4,4
06000,山形県,both_0_9,総数,0-9歳,2,4,-2,2
06000,山形県,both_10_19,総数,10-19歳,1,4,-3,3
06000,山形県,both_20_29,総数,20-29歳,6,7,-1,1
06000,山形県,both_30_39,総数,30-39歳,8,2,6,6
06000,山形県,both_40_49,総数,40-49歳,4,4,0,0
06000,山形県,both_50_59,総数,50-59歳,0,2,-2,2
06000,山形県,both_60_plus,総数,60歳以上,0,2,-2,2
06000,山形県,both_unknown,総数,不詳/その他,0,0,0,0
06000,山形県,male_total,男,総数,15,14,1,1
06000,山形県,male_0_9,男,0-9歳,1,0,1,1
06000,山形県,male_10_19,男,10-19歳,0,1,-1,1
06000,山形県,male_20_29,男,20-29歳,3,4,-1,1
06000,山形県,male_30_39,男,30-39歳,7,1,6,6
06000,山形県,male_40_49,男,40-49歳,4,4,0,0
06000,山形県,male_50_59,男,50-59歳,0,2,-2,2
06000,山形県,male_60_plus,男,60歳以上,0,2,-2,2
06000,山形県,male_unknown,男,不詳/その他,0,0,0,0
06000,山形県,female_total,女,総数,6,11,-5,5
06000,山形県,female_0_9,女,0-9歳,1,4,-3,3
06000,山形県,female_10_19,女,10-19歳,1,3,-2,2
06000,山形県,female_20_29,女,20-29歳,3,3,0,0
06000,山形県,female_30_39,女,30-39歳,1,1,0,0
06000,山形県,female_40_49,女,40-49歳,0,0,0,0
06000,山形県,female_50_59,女,50-59歳,0,0,0,0
06000,山形県,female_60_plus,女,60歳以上,0,0,0,0
06000,山形県,female_unknown,女,不詳/その他,0,0,0,0
38000,愛媛県,both_total,総数,総数,25,21,4,4
38000,愛媛県,both_0_9,総数,0-9歳,0,0,0,0
38000,愛媛県,both_10_19,総数,10-19歳,3,1,2,2
38000,愛媛県,both_20_29,総数,20-29歳,13,9,4,4
38000,愛媛県,both_30_39,総数,30-39歳,2,5,-3,3
38000,愛媛県,both_40_49,総数,40-49歳,2,3,-1,1
38000,愛媛県,both_50_59,総数,50-59歳,3,2,1,1
38000,愛媛県,both_60_plus,総数,60歳以上,2,1,1,1
38000,愛媛県,both_unknown,総数,不詳/その他,0,0,0,0
38000,愛媛県,male_total,男,総数,15,8,7,7
38000,愛媛県,male_0_9,男,0-9歳,0,0,0,0
38000,愛媛県,male_10_19,男,10-19歳,2,0,2,2
38000,愛媛県,male_20_29,男,20-29歳,5,1,4,4
38000,愛媛県,male_30_39,男,30-39歳,2,3,-1,1
38000,愛媛県,male_40_49,男,40-49歳,2,2,0,0
38000,愛媛県,male_50_59,男,50-59歳,3,1,2,2
38000,愛媛県,male_60_plus,男,60歳以上,1,1,0,0
38000,愛媛県,male_unknown,男,不詳/その他,0,0,0,0
38000,愛媛県,female_total,女,総数,10,13,-3,3
38000,愛媛県,female_0_9,女,0-9歳,0,0,0,0
38000,愛媛県,female_10_19,女,10-19歳,1,1,0,0
38000,愛媛県,female_20_29,女,20-29歳,8,8,0,0
38000,愛媛県,female_30_39,女,30-39歳,0,2,-2,2
38000,愛媛県,female_40_49,女,40-49歳,0,1,-1,1
38000,愛媛県,female_50_59,女,50-59歳,0,1,-1,1
38000,愛媛県,female_60_plus,女,60歳以上,1,0,1,1
38000,愛媛県,female_unknown,女,不詳/その他,0,0,0,0
42000,長崎県,both_total,総数,総数,12,16,-4,4
42000,長崎県,both_0_9,総数,0-9歳,2,1,1,1
42000,長崎県,both_10_19,総数,10-19歳,1,1,0,0
42000,長崎県,both_20_29,総数,20-29歳,2,6,-4,4
42000,長崎県,both_30_39,総数,30-39歳,4,3,1,1
42000,長崎県,both_40_49,総数,40-49歳,3,3,0,0
42000,長崎県,both_50_59,総数,50-59歳,0,0,0,0
42000,長崎県,both_60_plus,総数,60歳以上,0,2,-2,2
42000,長崎県,both_unknown,総数,不詳/その他,0,0,0,0
42000,長崎県,male_total,男,総数,8,11,-3,3
42000,長崎県,male_0_9,男,0-9歳,0,1,-1,1
42000,長崎県,male_10_19,男,10-19歳,1,1,0,0
42000,長崎県,male_20_29,男,20-29歳,1,4,-3,3
42000,長崎県,male_30_39,男,30-39歳,3,1,2,2
42000,長崎県,male_40_49,男,40-49歳,3,3,0,0
42000,長崎県,male_50_59,男,50-59歳,0,0,0,0
42000,長崎県,male_60_plus,男,60歳以上,0,1,-1,1
42000,長崎県,male_unknown,男,不詳/その他,0,0,0,0
42000,長崎県,female_total,女,総数,4,5,-1,1
42000,長崎県,female_0_9,女,0-9歳,2,0,2,2
42000,長崎県,female_10_19,女,10-19歳,0,0,0,0
42000,長崎県,female_20_29,女,20-29歳,1,2,-1,1
42000,長崎県,female_30_39,女,30-39歳,1,2,-1,1
42000,長崎県,female_40_49,女,40-49歳,0,0,0,0
42000,長崎県,female_50_59,女,50-59歳,0,0,0,0
42000,長崎県,female_60_plus,女,60歳以上,0,1,-1,1
42000,長崎県,female_unknown,女,不詳/その他,0,0,0,0
01428,長沼町,both_total,総数,総数,10,13,-3,3
01428,長沼町,both_0_9,総数,0-9歳,1,1,0,0
01428,長沼町,both_10_19,総数,10-19歳,2,1,1,1
01428,長沼町,both_20_29,総数,20-29歳,2,4,-2,2
01428,長沼町,both_30_39,総数,30-39歳,2,2,0,0
01428,長沼町,both_40_49,総数,40-49歳,0,3,-3,3
01428,長沼町,both_50_59,総数,50-59歳,1,1,0,0
01428,長沼町,both_60_plus,総数,60歳以上,2,1,1,1
01428,長沼町,both_unknown,総数,不詳/その他,0,0,0,0
01428,長沼町,male_total,男,総数,4,8,-4,4
01428,長沼町,male_0_9,男,0-9歳,0,1,-1,1
01428,長沼町,male_10_19,男,10-19歳,1,0,1,1
01428,長沼町,male_20_29,男,20-29歳,1,4,-3,3
01428,長沼町,male_30_39,男,30-39歳,1,1,0,0
01428,長沼町,male_40_49,男,40-49歳,0,2,-2,2
01428,長沼町,male_50_59,男,50-59歳,1,0,1,1
01428,長沼町,male_60_plus,男,60歳以上,0,0,0,0
01428,長沼町,male_unknown,男,不詳/その他,0,0,0,0
01428,長沼町,female_total,女,総数,6,5,1,1
01428,長沼町,female_0_9,女,0-9歳,1,0,1,1
01428,長沼町,female_10_19,女,10-19歳,1,1,0,0
01428,長沼町,female_20_29,女,20-29歳,1,0,1,1
01428,長沼町,female_30_39,女,30-39歳,1,1,0,0
01428,長沼町,female_40_49,女,40-49歳,0,1,-1,1
01428,長沼町,female_50_59,女,50-59歳,0,1,-1,1
01428,長沼町,female_60_plus,女,60歳以上,2,1,1,1
01428,長沼町,female_unknown,女,不詳/その他,0,0,0,0
15000,新潟県,both_total,総数,総数,29,26,3,3
15000,新潟県,both_0_9,総数,0-9歳,5,8,-3,3
15000,新潟県,both_10_19,総数,10-19歳,4,4,0,0
15000,新潟県,both_20_29,総数,20-29歳,6,3,3,3
15000,新潟県,both_30_39,総数,30-39歳,6,6,0,0
15000,新潟県,both_40_49,総数,40-49歳,4,2,2,2
15000,新潟県,both_50_59,総数,50-59歳,4,1,3,3
15000,新潟県,both_60_plus,総数,60歳以上,0,2,-2,2
15000,新潟県,both_unknown,総数,不詳/その他,0,0,0,0
15000,新潟県,male_total,男,総数,15,16,-1,1
15000,新潟県,male_0_9,男,0-9歳,0,4,-4,4
15000,新潟県,male_10_19,男,10-19歳,1,4,-3,3
15000,新潟県,male_20_29,男,20-29歳,6,2,4,4
15000,新潟県,male_30_39,男,30-39歳,3,3,0,0
15000,新潟県,male_40_49,男,40-49歳,3,1,2,2
15000,新潟県,male_50_59,男,50-59歳,2,1,1,1
15000,新潟県,male_60_plus,男,60歳以上,0,1,-1,1
15000,新潟県,male_unknown,男,不詳/その他,0,0,0,0
15000,新潟県,female_total,女,総数,14,10,4,4
15000,新潟県,female_0_9,女,0-9歳,5,4,1,1
15000,新潟県,female_10_19,女,10-19歳,3,0,3,3
15000,新潟県,female_20_29,女,20-29歳,0,1,-1,1
15000,新潟県,female_30_39,女,30-39歳,3,3,0,0
15000,新潟県,female_40_49,女,40-49歳,1,1,0,0
15000,新潟県,female_50_59,女,50-59歳,2,0,2,2
15000,新潟県,female_60_plus,女,60歳以上,0,1,-1,1
15000,新潟県,female_unknown,女,不詳/その他,0,0,0,0
47000,沖縄県,both_total,総数,総数,75,78,-3,3
47000,沖縄県,both_0_9,総数,0-9歳,11,9,2,2
47000,沖縄県,both_10_19,総数,10-19歳,5,3,2,2
47000,沖縄県,both_20_29,総数,20-29歳,21,26,-5,5
47000,沖縄県,both_30_39,総数,30-39歳,19,11,8,8
47000,沖縄県,both_40_49,総数,40-49歳,8,17,-9,9
47000,沖縄県,both_50_59,総数,50-59歳,10,8,2,2
47000,沖縄県,both_60_plus,総数,60歳以上,1,4,-3,3
47000,沖縄県,both_unknown,総数,不詳/その他,0,0,0,0
47000,沖縄県,male_total,男,総数,49,40,9,9
47000,沖縄県,male_0_9,男,0-9歳,6,1,5,5
47000,沖縄県,male_10_19,男,10-19歳,3,0,3,3
47000,沖縄県,male_20_29,男,20-29歳,12,12,0,0
47000,沖縄県,male_30_39,男,30-39歳,14,9,5,5
47000,沖縄県,male_40_49,男,40-49歳,6,12,-6,6
47000,沖縄県,male_50_59,男,50-59歳,8,5,3,3
47000,沖縄県,male_60_plus,男,60歳以上,0,1,-1,1
47000,沖縄県,male_unknown,男,不詳/その他,0,0,0,0
47000,沖縄県,female_total,女,総数,26,38,-12,12
47000,沖縄県,female_0_9,女,0-9歳,5,8,-3,3
47000,沖縄県,female_10_19,女,10-19歳,2,3,-1,1
47000,沖縄県,female_20_29,女,20-29歳,9,14,-5,5
47000,沖縄県,female_30_39,女,30-39歳,5,2,3,3
47000,沖縄県,female_40_49,女,40-49歳,2,5,-3,3
47000,沖縄県,female_50_59,女,50-59歳,2,3,-1,1
47000,沖縄県,female_60_plus,女,60歳以上,1,3,-2,2
47000,沖縄県,female_unknown,女,不詳/その他,0,0,0,0
01214,稚内市,both_total,総数,総数,21,22,-1,1
01214,稚内市,both_0_9,総数,0-9歳,3,2,1,1
01214,稚内市,both_10_19,総数,10-19歳,0,0,0,0
01214,稚内市,both_20_29,総数,20-29歳,6,8,-2,2
01214,稚内市,both_30_39,総数,30-39歳,7,7,0,0
01214,稚内市,both_40_49,総数,40-49歳,2,3,-1,1
01214,稚内市,both_50_59,総数,50-59歳,1,1,0,0
01214,稚内市,both_60_plus,総数,60歳以上,2,1,1,1
01214,稚内市,both_unknown,総数,不詳/その他,0,0,0,0
01214,稚内市,male_total,男,総数,16,16,0,0
01214,稚内市,male_0_9,男,0-9歳,2,1,1,1
01214,稚内市,male_10_19,男,10-19歳,0,0,0,0
01214,稚内市,male_20_29,男,20-29歳,5,4,1,1
01214,稚内市,male_30_39,男,30-39歳,5,7,-2,2
01214,稚内市,male_40_49,男,40-49歳,2,2,0,0
01214,稚内市,male_50_59,男,50-59歳,1,1,0,0
01214,稚内市,male_60_plus,男,60歳以上,1,1,0,0
01214,稚内市,male_unknown,男,不詳/その他,0,0,0,0
01214,稚内市,female_total,女,総数,5,6,-1,1
01214,稚内市,female_0_9,女,0-9歳,1,1,0,0
01214,稚内市,female_10_19,女,10-19歳,0,0,0,0
01214,稚内市,female_20_29,女,20-29歳,1,4,-3,3
01214,稚内市,female_30_39,女,30-39歳,2,0,2,2
01214,稚内市,female_40_49,女,40-49歳,0,1,-1,1
01214,稚内市,female_50_59,女,50-59歳,0,0,0,0
01214,稚内市,female_60_plus,女,60歳以上,1,0,1,1
01214,稚内市,female_unknown,女,不詳/その他,0,0,0,0
01221,名寄市,both_total,総数,総数,30,29,1,1
01221,名寄市,both_0_9,総数,0-9歳,3,4,-1,1
01221,名寄市,both_10_19,総数,10-19歳,4,13,-9,9
01221,名寄市,both_20_29,総数,20-29歳,8,6,2,2
01221,名寄市,both_30_39,総数,30-39歳,9,3,6,6
01221,名寄市,both_40_49,総数,40-49歳,5,3,2,2
01221,名寄市,both_50_59,総数,50-59歳,1,0,1,1
01221,名寄市,both_60_plus,総数,60歳以上,0,0,0,0
01221,名寄市,both_unknown,総数,不詳/その他,0,0,0,0
01221,名寄市,male_total,男,総数,18,23,-5,5
01221,名寄市,male_0_9,男,0-9歳,1,3,-2,2
01221,名寄市,male_10_19,男,10-19歳,1,11,-10,10
01221,名寄市,male_20_29,男,20-29歳,5,5,0,0
01221,名寄市,male_30_39,男,30-39歳,7,1,6,6
01221,名寄市,male_40_49,男,40-49歳,3,3,0,0
01221,名寄市,male_50_59,男,50-59歳,1,0,1,1
01221,名寄市,male_60_plus,男,60歳以上,0,0,0,0
01221,名寄市,male_unknown,男,不詳/その他,0,0,0,0
01221,名寄市,female_total,女,総数,12,6,6,6
01221,名寄市,female_0_9,女,0-9歳,2,1,1,1
01221,名寄市,female_10_19,女,10-19歳,3,2,1,1
01221,名寄市,female_20_29,女,20-29歳,3,1,2,2
01221,名寄市,female_30_39,女,30-39歳,2,2,0,0
01221,名寄市,female_40_49,女,40-49歳,2,0,2,2
01221,名寄市,female_50_59,女,50-59歳,0,0,0,0
01221,名寄市,female_60_plus,女,60歳以上,0,0,0,0
01221,名寄市,female_unknown,女,不詳/その他,0,0,0,0
01429,栗山町,both_total,総数,総数,13,12,1,1
01429,栗山町,both_0_9,総数,0-9歳,1,0,1,1
01429,栗山町,both_10_19,総数,10-19歳,2,0,2,2
01429,栗山町,both_20_29,総数,20-29歳,3,6,-3,3
01429,栗山町,both_30_39,総数,30-39歳,1,1,0,0
01429,栗山町,both_40_49,総数,40-49歳,0,1,-1,1
01429,栗山町,both_50_59,総数,50-59歳,4,2,2,2
01429,栗山町,both_60_plus,総数,60歳以上,2,2,0,0
01429,栗山町,both_unknown,総数,不詳/その他,0,0,0,0
01429,栗山町,male_total,男,総数,7,7,0,0
01429,栗山町,male_0_9,男,0-9歳,0,0,0,0
01429,栗山町,male_10_19,男,10-19歳,1,0,1,1
01429,栗山町,male_20_29,男,20-29歳,2,3,-1,1
01429,栗山町,male_30_39,男,30-39歳,0,1,-1,1
01429,栗山町,male_40_49,男,40-49歳,0,1,-1,1
01429,栗山町,male_50_59,男,50-59歳,2,1,1,1
01429,栗山町,male_60_plus,男,60歳以上,2,1,1,1
01429,栗山町,male_unknown,男,不詳/その他,0,0,0,0
01429,栗山町,female_total,女,総数,6,5,1,1
01429,栗山町,female_0_9,女,0-9歳,1,0,1,1
01429,栗山町,female_10_19,女,10-19歳,1,0,1,1
01429,栗山町,female_20_29,女,20-29歳,1,3,-2,2
01429,栗山町,female_30_39,女,30-39歳,1,0,1,1
01429,栗山町,female_40_49,女,40-49歳,0,0,0,0
01429,栗山町,female_50_59,女,50-59歳,2,1,1,1
01429,栗山町,female_60_plus,女,60歳以上,0,1,-1,1
01429,栗山町,female_unknown,女,不詳/その他,0,0,0,0
19000,山梨県,both_total,総数,総数,11,12,-1,1
19000,山梨県,both_0_9,総数,0-9歳,0,0,0,0
19000,山梨県,both_10_19,総数,10-19歳,5,1,4,4
19000,山梨県,both_20_29,総数,20-29歳,1,8,-7,7
19000,山梨県,both_30_39,総数,30-39歳,3,0,3,3
19000,山梨県,both_40_49,総数,40-49歳,0,3,-3,3
19000,山梨県,both_50_59,総数,50-59歳,1,0,1,1
19000,山梨県,both_60_plus,総数,60歳以上,1,0,1,1
19000,山梨県,both_unknown,総数,不詳/その他,0,0,0,0
19000,山梨県,male_total,男,総数,10,10,0,0
19000,山梨県,male_0_9,男,0-9歳,0,0,0,0
19000,山梨県,male_10_19,男,10-19歳,4,1,3,3
19000,山梨県,male_20_29,男,20-29歳,1,7,-6,6
19000,山梨県,male_30_39,男,30-39歳,3,0,3,3
19000,山梨県,male_40_49,男,40-49歳,0,2,-2,2
19000,山梨県,male_50_59,男,50-59歳,1,0,1,1
19000,山梨県,male_60_plus,男,60歳以上,1,0,1,1
19000,山梨県,male_unknown,男,不詳/その他,0,0,0,0
19000,山梨県,female_total,女,総数,1,2,-1,1
19000,山梨県,female_0_9,女,0-9歳,0,0,0,0
19000,山梨県,female_10_19,女,10-19歳,1,0,1,1
19000,山梨県,female_20_29,女,20-29歳,0,1,-1,1
19000,山梨県,female_30_39,女,30-39歳,0,0,0,0
19000,山梨県,female_40_49,女,40-49歳,0,1,-1,1
19000,山梨県,female_50_59,女,50-59歳,0,0,0,0
19000,山梨県,female_60_plus,女,60歳以上,0,0,0,0
19000,山梨県,female_unknown,女,不詳/その他,0,0,0,0
21000,岐阜県,both_total,総数,総数,28,29,-1,1
21000,岐阜県,both_0_9,総数,0-9歳,2,3,-1,1
21000,岐阜県,both_10_19,総数,10-19歳,2,2,0,0
21000,岐阜県,both_20_29,総数,20-29歳,10,11,-1,1
21000,岐阜県,both_30_39,総数,30-39歳,8,9,-1,1
21000,岐阜県,both_40_49,総数,40-49歳,5,3,2,2
21000,岐阜県,both_50_59,総数,50-59歳,0,1,-1,1
21000,岐阜県,both_60_plus,総数,60歳以上,1,0,1,1
21000,岐阜県,both_unknown,総数,不詳/その他,0,0,0,0
21000,岐阜県,male_total,男,総数,17,15,2,2
21000,岐阜県,male_0_9,男,0-9歳,0,1,-1,1
21000,岐阜県,male_10_19,男,10-19歳,2,0,2,2
21000,岐阜県,male_20_29,男,20-29歳,5,6,-1,1
21000,岐阜県,male_30_39,男,30-39歳,7,6,1,1
21000,岐阜県,male_40_49,男,40-49歳,3,1,2,2
21000,岐阜県,male_50_59,男,50-59歳,0,1,-1,1
21000,岐阜県,male_60_plus,男,60歳以上,0,0,0,0
21000,岐阜県,male_unknown,男,不詳/その他,0,0,0,0
21000,岐阜県,female_total,女,総数,11,14,-3,3
21000,岐阜県,female_0_9,女,0-9歳,2,2,0,0
21000,岐阜県,female_10_19,女,10-19歳,0,2,-2,2
21000,岐阜県,female_20_29,女,20-29歳,5,5,0,0
21000,岐阜県,female_30_39,女,30-39歳,1,3,-2,2
21000,岐阜県,female_40_49,女,40-49歳,2,2,0,0
21000,岐阜県,female_50_59,女,50-59歳,0,0,0,0
21000,岐阜県,female_60_plus,女,60歳以上,1,0,1,1
21000,岐阜県,female_unknown,女,不詳/その他,0,0,0,0
01203,小樽市,both_total,総数,総数,34,34,0,0
01203,小樽市,both_0_9,総数,0-9歳,0,0,0,0
01203,小樽市,both_10_19,総数,10-19歳,6,6,0,0
01203,小樽市,both_20_29,総数,20-29歳,12,13,-1,1
01203,小樽市,both_30_39,総数,30-39歳,3,4,-1,1
01203,小樽市,both_40_49,総数,40-49歳,2,1,1,1
01203,小樽市,both_50_59,総数,50-59歳,4,7,-3,3
01203,小樽市,both_60_plus,総数,60歳以上,7,3,4,4
01203,小樽市,both_unknown,総数,不詳/その他,0,0,0,0
01203,小樽市,male_total,男,総数,18,17,1,1
01203,小樽市,male_0_9,男,0-9歳,0,0,0,0
01203,小樽市,male_10_19,男,10-19歳,3,2,1,1
01203,小樽市,male_20_29,男,20-29歳,6,5,1,1
01203,小樽市,male_30_39,男,30-39歳,2,3,-1,1
01203,小樽市,male_40_49,男,40-49歳,1,1,0,0
01203,小樽市,male_50_59,男,50-59歳,2,3,-1,1
01203,小樽市,male_60_plus,男,60歳以上,4,3,1,1
01203,小樽市,male_unknown,男,不詳/その他,0,0,0,0
01203,小樽市,female_total,女,総数,16,17,-1,1
01203,小樽市,female_0_9,女,0-9歳,0,0,0,0
01203,小樽市,female_10_19,女,10-19歳,3,4,-1,1
01203,小樽市,female_20_29,女,20-29歳,6,8,-2,2
01203,小樽市,female_30_39,女,30-39歳,1,1,0,0
01203,小樽市,female_40_49,女,40-49歳,1,0,1,1
01203,小樽市,female_50_59,女,50-59歳,2,4,-2,2
01203,小樽市,female_60_plus,女,60歳以上,3,0,3,3
01203,小樽市,female_unknown,女,不詳/その他,0,0,0,0
01211,網走市,both_total,総数,総数,22,22,0,0
01211,網走市,both_0_9,総数,0-9歳,1,1,0,0
01211,網走市,both_10_19,総数,10-19歳,2,3,-1,1
01211,網走市,both_20_29,総数,20-29歳,5,8,-3,3
01211,網走市,both_30_39,総数,30-39歳,5,4,1,1
01211,網走市,both_40_49,総数,40-49歳,3,3,0,0
01211,網走市,both_50_59,総数,50-59歳,4,2,2,2
01211,網走市,both_60_plus,総数,60歳以上,2,1,1,1
01211,網走市,both_unknown,総数,不詳/その他,0,0,0,0
01211,網走市,male_total,男,総数,13,13,0,0
01211,網走市,male_0_9,男,0-9歳,1,1,0,0
01211,網走市,male_10_19,男,10-19歳,1,1,0,0
01211,網走市,male_20_29,男,20-29歳,1,6,-5,5
01211,網走市,male_30_39,男,30-39歳,4,2,2,2
01211,網走市,male_40_49,男,40-49歳,1,2,-1,1
01211,網走市,male_50_59,男,50-59歳,4,1,3,3
01211,網走市,male_60_plus,男,60歳以上,1,0,1,1
01211,網走市,male_unknown,男,不詳/その他,0,0,0,0
01211,網走市,female_total,女,総数,9,9,0,0
01211,網走市,female_0_9,女,0-9歳,0,0,0,0
01211,網走市,female_10_19,女,10-19歳,1,2,-1,1
01211,網走市,female_20_29,女,20-29歳,4,2,2,2
01211,網走市,female_30_39,女,30-39歳,1,2,-1,1
01211,網走市,female_40_49,女,40-49歳,2,1,1,1
01211,網走市,female_50_59,女,50-59歳,0,1,-1,1
01211,網走市,female_60_plus,女,60歳以上,1,1,0,0
01211,網走市,female_unknown,女,不詳/その他,0,0,0,0
01578,白老町,both_total,総数,総数,15,15,0,0
01578,白老町,both_0_9,総数,0-9歳,1,1,0,0
01578,白老町,both_10_19,総数,10-19歳,1,0,1,1
01578,白老町,both_20_29,総数,20-29歳,8,6,2,2
01578,白老町,both_30_39,総数,30-39歳,3,0,3,3
01578,白老町,both_40_49,総数,40-49歳,1,0,1,1
01578,白老町,both_50_59,総数,50-59歳,0,2,-2,2
01578,白老町,both_60_plus,総数,60歳以上,1,6,-5,5
01578,白老町,both_unknown,総数,不詳/その他,0,0,0,0
01578,白老町,male_total,男,総数,7,6,1,1
01578,白老町,male_0_9,男,0-9歳,0,1,-1,1
01578,白老町,male_10_19,男,10-19歳,1,0,1,1
01578,白老町,male_20_29,男,20-29歳,4,3,1,1
01578,白老町,male_30_39,男,30-39歳,2,0,2,2
01578,白老町,male_40_49,男,40-49歳,0,0,0,0
01578,白老町,male_50_59,男,50-59歳,0,0,0,0
01578,白老町,male_60_plus,男,60歳以上,0,2,-2,2
01578,白老町,male_unknown,男,不詳/その他,0,0,0,0
01578,白老町,female_total,女,総数,8,9,-1,1
01578,白老町,female_0_9,女,0-9歳,1,0,1,1
01578,白老町,female_10_19,女,10-19歳,0,0,0,0
01578,白老町,female_20_29,女,20-29歳,4,3,1,1
01578,白老町,female_30_39,女,30-39歳,1,0,1,1
01578,白老町,female_40_49,女,40-49歳,1,0,1,1
01578,白老町,female_50_59,女,50-59歳,0,2,-2,2
01578,白老町,female_60_plus,女,60歳以上,1,4,-3,3
01578,白老町,female_unknown,女,不詳/その他,0,0,0,0
31000,鳥取県,both_total,総数,総数,14,14,0,0
31000,鳥取県,both_0_9,総数,0-9歳,4,2,2,2
31000,鳥取県,both_10_19,総数,10-19歳,1,0,1,1
31000,鳥取県,both_20_29,総数,20-29歳,2,4,-2,2
31000,鳥取県,both_30_39,総数,30-39歳,3,2,1,1
31000,鳥取県,both_40_49,総数,40-49歳,3,4,-1,1
31000,鳥取県,both_50_59,総数,50-59歳,0,2,-2,2
31000,鳥取県,both_60_plus,総数,60歳以上,1,0,1,1
31000,鳥取県,both_unknown,総数,不詳/その他,0,0,0,0
31000,鳥取県,male_total,男,総数,9,8,1,1
31000,鳥取県,male_0_9,男,0-9歳,4,1,3,3
31000,鳥取県,male_10_19,男,10-19歳,1,0,1,1
31000,鳥取県,male_20_29,男,20-29歳,1,2,-1,1
31000,鳥取県,male_30_39,男,30-39歳,1,1,0,0
31000,鳥取県,male_40_49,男,40-49歳,1,3,-2,2
31000,鳥取県,male_50_59,男,50-59歳,0,1,-1,1
31000,鳥取県,male_60_plus,男,60歳以上,1,0,1,1
31000,鳥取県,male_unknown,男,不詳/その他,0,0,0,0
31000,鳥取県,female_total,女,総数,5,6,-1,1
31000,鳥取県,female_0_9,女,0-9歳,0,1,-1,1
31000,鳥取県,female_10_19,女,10-19歳,0,0,0,0
31000,鳥取県,female_20_29,女,20-29歳,1,2,-1,1
31000,鳥取県,female_30_39,女,30-39歳,2,1,1,1
31000,鳥取県,female_40_49,女,40-49歳,2,1,1,1
31000,鳥取県,female_50_59,女,50-59歳,0,1,-1,1
31000,鳥取県,female_60_plus,女,60歳以上,0,0,0,0
31000,鳥取県,female_unknown,女,不詳/その他,0,0,0,0
